MS-S-005215,SOLUTION EX-TEM S F/THROBOELASTOMETER TEM INNOVATION # 503-13-20
MS-P-001439,PACEMAKER DUAL CHAMBER W/LEAD & FLEXTEND INGENIO MRI BOSTON #J176DR
MS-P-000947,"PACEMAKER ICD SINGLE CHAMBER W/ARTIRIAL DIAGNOSTICS,BIOTRONIK #368852"
SMB1005,BLADE SURG. #15 CARBON STL.STER. DISP. MARTIN #10-155-15
SML2060,SET QUICK INFUSION F/INSULIN PUMP
SME1262,BLANKET WARM FULL BODY ADULT MALLINCKRODT #503-0810
MS-O-000122,ORTHO PACK  DISPOSABLE KIMBARLY CLARK # 88438-23
SMO9850,ANCHOR SUPER REVO LINVATEC #C6141
SML328,CATHETER SUCTION 6CH GREEN TIP W/CONTROL
SMJ1891,SHEAR COAGULATION 5MM F/ULTRACIS.ETHICON #LCSC5
SMH1579,ENDO RETRACTOR 10MM AUTOSUTURE #176613
SME1195,GOWN SURGEON XXL BARRIER J&J #580/2652.
SMI9107,"BONNET DISP,F/BABY FLOW,MEDIUM DRAGER#8418535"
SML505,"EXTENSION SET 32"" W/2 PORT/ABBOTT #4522-48/4612/MG-V5404"
MS-S-005143,SHEAR FOCUS 9CM HARMONIC ETHICON# HAR9F
MS-M-000623,MESH VENTRAL HERNIA REPAIR SYMOTEX OPEN SKIRT 30CMX20CM. COVIDIEN #SYM3020OS
MS-R-000688,ROD 5.5X90MM CDH PREBENT. MEDTRONIC # 8690090
SME1264,DRESSING IV. CANNULA FIX.PORTED S&N#4006/3M#1623W/900 805 4
SMT1013,CANNULA IV VENFLON G20
SML50,"NEEDLE HYPO 18GX1.5"" STERILE BD #5196/304622"
SMH2777,SUTURE MONOCRYL 4-0 26MM ETHICON #W3212
SMO10515,SCREW F/BONE LOCKING 3.8X28MM SANATMETAL #SAN-932138028
MS-S-005519,SUTURE LASSO SD WIRE LOOP ARTHREX #AR-4068-05SD
MS-S-005796,SUTURE TIGER LOOP # 2 WHITE/GREEN W/STRAIGHT NEEDLE ARTHREX #AR-7234T
MS-C-001139,CHAIR COMMODE S/S WITH ADJUSTABLE LEGREST AND CASTERS MAXHEALTH #HE-2081000P
MS-T-000825,TUBING CONNECTING NIPPLE GREEN F/ OXYGEN FLOW METER OHIO #FM-SWIVEL-G
MS-S-004653,SUTURE MENISCAL CINCH DEVICE ARTHREX #AR-4500
MS-C-000640,CLIP MEDIUM PREMIUM TITANIUM  AUTOSUTURE #134031/MCM20
SMY1752,EARRING F/BABY GIRL W/FIFFERENT DESIGN CAFLON UK
MS-N-000996,NEEDLE PASSER SPECTRUM AUTOPASS CONMED # SMI-02N
MS-H-000337,HOOK LAMINAR 4.5MM MEDTRONIC # 7756073
MS-H-000099,HINGE HALF FEMALE 1 HOLE TIPMED #041801
SMY1470,"COTTON APPLICATOR 6"" STERILE"
SMA2027,BUDS COTTON J&J.
MS-S-004874,SCREW REDUCTION POLYAXIAL (NS3) SIZE 6.5x40MM IRINE #T04876540
MS-S-001738,SCREW CORTICAL S/STEEL SIZE 4.5X60 IRENE#S50004560
MS-H-000502,HEAD FEMORAL METAL 36MM X-2 /12/14TAPER JOH. & JOH. # 1365-50-000
SMI1161,CATHETER SUCTION/VACUTIP 10CHX53CM MAERSK #28182
MS-B-002074,BREAST IMPLANT GEL 320CC SMOOTH ROUND COHESIVE UTP MENTOR#350-5320BC
MS-O-000216,OXYGENATOR PORTABLE F/ PULMONARY HEPERTENSION QUINDAO KINGON#KINGON P2
MS-I-000161,INFULSION I.V SET VENTED WITH REGULATOR F/ PHOTOSENSITIVE DRUGS ANGIPLAST #
SML2034,SET INFUSION W/REGULATOR MEINNTECH #EZ
MS-S-005100,"STONE EXTRACTOR DORMIA 4WIRES,1.5FR 120CM  COLOPLAST # EXN934"
SMO12233,WIRE KIRSCHNER 0.8X120/150MM IRINE# E06018
P15AEROC2+,AEROCHAMBER DEV. W/MASK-CHILD
MM00331SFDAA0007,ACCU-CHEK PERFORMA GLUCOSE TEST STRIP X 50.
MM00331SFDAA0005,ACCU-CHEK PERFORMA KIT X 1.
SMI8809,"G.WIRE NITINOL 0.035"",150CM LENG.TIP 5CM OPTIMED #1125-0130"
SMA1101,DRESSING SURGICAL 9X20CM MOLNLYCKE#30513/671100
MS-S-005484,SUCTION FLOOR PUDDLEVAC CONMED LINVATEC # 9321
P15CONTO2+,CONTOUR TEST METER X 1
SMF1061,DISINFECTANT ALCHOLIC SKINDESS ISOPROPYL SPRAY
SMI1593,EPIDURAL KIT G16 B.BRAUN #451430/0
SMI1658,CATHETER EMBOLECTOMY CH3/80CM RUSCH#337000/ISOMED#300380
SMI1225,CATHETER EMBOLECTOMY CH6/80CM RUS#337000/BAX#120806F/300680
P15ONE-T1+,ONE TOUCH II GLUCOMETER
SMA1013,DIAPER MEDIUM EXTRA ABSORB 5-9KG DAMAD #876152/7
MS-M-000246,MASK N95 NIOSH HEALTH CARE & SURGICAL PARTICULATE RESPIRATOR SIZE SMALL 3M#
SML1689,CANNULA NASAL OXYGEN NEONATES SALTERLAB #1610
SMI8710,"HIGH FLEX PRESURE LINE 48"" BOSTON #91051482"
SMI1523,CANNULA ARTERIAL 20G VIGGO #4440-4/BD #682245
MS-C-001160,CATHETER URETERAL 6FR X 70CM OPEN TIP GEOTEK #GUC670-OE
MS-B-001639,BAG MULTIBIC SOLUTION FRESENIUS # N/A
MS-G-000737,GRAFT VASCULAR FILIXIENE GRADUATED WALL PTFF WITH DOUBLE SILDER GDS 4-7MMX45CM. MAQUET # 25138
SMA640,SWAB GAUZE XRAY DETECTABLE 10X10CM 12PLY STERILE
MS-S-009379,"STENT TIGRIS,DIFFERENT SIZES#GORE MEDICAL USA#PHBXXXX2 GORE # PHBXXXX2"
SMA2037,DRESSING TEGADERM TRANSPARENT 10CMX12CM 3M #1626W
SMO3004,SCREW CORTEX 1.5x12MM SYNTHES #400.82/400.712
SMO11534,PLATE 3.5MM LCP PROXIMAL HUMERUS 3X96 IRINE #A70490309
MS-M-000324,MESH PLATE 100X100MM 0.4MM MALLEABLE MATRIXNEURO SYNTHES# 04.503.083
MS-B-000467,BLADE SHAVER AGGRESSIVE BURR 4.2MM MEDIUM GRAY KARL STORZ #28205HCS
MS-H-000329,HEAD POSITIONER  UNIVERSAL ARTHREX # AR-1627-06
MS-P-003611,PLATE LOCKING 6 HOLES CLAVICLE HOOK 3.5MMX18MMX99MM L . IRENE # A93371806
SMO2756,PLATE BONE 85°X3 HOLES AESCULAP #KP301/40002068500 (FORK PLATE)
P15ACCU14+,ACCU-CHEK PEN X 1
MS-N-001941,"NEUROSTIMULATOR, EXTERNAL, WIRELESS, FOR INTELLIS, LD22, (MEDTRONIC) # 97725"
SMA1237,UNDERPAD BLUE 60X80CM DISP.
MS-C-003413,CANNULA THREADED NO-SQUIRT CAP 8.25MM X 9CM LONG. ARTHREX # AR-6575-09
SMO10254,SCREW F/BONE LOCK.6.5X70/20MM SANATMETAL #SAN-224065070
SMI7861,SLING SYSTEM CURVED OBTRYX TRANSOBTURATOR BOSTON #850-400
SML1517,ADAPTOR MALE LUER LOCK MEDINORM #15-00-310/4074-1
SME1362,PACK BASIC SURGICAL 3M  # 9000
SMH2851,MESH ULTRA PRO 10X15CM ETHICON #UMN3
MS-S-009643,SCREW REDUCTION POLYAXIAL 7.5X45MM SOFAMOR-DANEK. MEDTRONIC # 75497545
SMO11861,SCREW PEDICLE POLYAXIAL REDUCTION 5X35MM IRINE# T04775035
SMO11851,SCREW PEDICLE MONOAXIAL REDUCTION 6X45MM IRINE# T04756045
MS-B-000899,BOWL KIDNEY PLASTIC 500CC SINGLE USE
MS-S-010559,STENT GRAFT AORTIC COVERED SIZE 12MM TO 24MM X L120CM VASCULAR BENTLY #BGP2
SMO11003,IMPLANT DEVICE COCHLEAR WIDEX HIRES 90K.
MS-S-008324,SCREW CANNULATED CANCELLOUS 4.5X40MM PARTIALLY THREADED IRENE # S56034540
MS-S-009668,SCREW CORTICAL SELF-TAPPING 2.0X12MM IRENE #T500020012 IRENE # T500020012
SMO11679,SCREW LOCKING 3.5X18MM IRINE# T50093518
MS-S-009642,SCREW 7.5X50MM MAS TITANIUM CDH LEGACY SOFAMOR-DANEK. MEDTRONIC # 75447550
MS-S-008755,SCREW CORTICAL 2.7X20MM SELF TAPPING. IRENE # T50027720
MS-S-008286,SCREW 1.5X10 CORTICAL OSTEONIC#A5.15100
SMO11680,SCREW LOCKING 3.5X20MM IRINE# T50093520
MS-S-001977,SCREW 1.5x4MM SELF DRILLING SYNTHES #04.503.224.01C
MS-S-005483,"SCREW CANNULATED HEADLESS 3.0X26MM TITANIUM , OSTEONIC #D2E.30260"
MS-S-001144,SCREW 9.0MM X 25MM MATRYX INTERFERENCE LINVATEC #239025T5
MS-F-000565,FILTRATE BAG 10 LTRS FRESENIUS # N/A
SMO11998,SCREW CORTICAL TITANIUM 3.5X24MM IRINE# T50003524
SMO9560,TOTAL PLUS PAK W/ACCURUS PRDB #8065740252
MS-B-001618,BURR SHEAT 4.0MM HOODLES ARTHREX # AR-8400HSO
MS-N-001239,NAIL ELASTIC 3.5X300MM TITANIUM TIPMED # 123323
MS-G-000364,GLOVES SURGICAL HEAVY DUTY FOR INFECTED PATIENT SIZE 7
MS-S-005554,STENT MAGMARIS ABSORBABLE DRUG ELUTING MAGNESIUM BIOTRONIK # 412526
MS-S-005219,SOLUTION ROTROL N F/THROBOELASTOMETER TEM INNOVATION # 503-24
MS-P-002602,PUSH LOCK 4.5x28MM ARTHREX #AR-1922PSM
SMB1002,BLADE SURG. #20 CARBON STL.STER. DISP. MARTIN #10-155-20
MS-S-005830,STAPLE SPIKED LIGAMENT SIZE 8MMX20MM. ARTHREX # AR-1008
SME1320,GLOVES ORTHOPEDIC SIZE 8 PROFEEL (WRP) #P3380-35
SME1298,DRAPE IOBAN SIZE 35CMX17CM INCISE 3M #6650
SMD3642,"SPLINT SAM 4 1/4 X 10"" DYNAMED #V-SI732"
SME1272,MASK LARYNGEAL SIZE 4 ARMSTRONG #700400
P15NEBUL1+,NEBULIZER ELECT (APPARECCHIO)
SMC1618,SET F/FEEDING PUMP 1LTR W/CAP NOVARTIS #199547
SMY5168,OXYGEN CONCENTRATOR 5 LTR.110/220V SUNRISE U.S.A
SMA168,EYE-PAD 56x70MM #415450\1
MS-S-005019,SUTURE PROLENE 6/0 16MMX45CM ETHICON # W8005T
SMH2832,TROCAR BLADE XCELL 15MM ETHICON #B15LT
SMH1414,"TAPE DURAPORE DERMICEL 2""X10YDS"
MS-S-001444,SWAB COUNTING BAG PURPLE SURGICAL #PS3050
SMT1012,CANNULA IV VENFLON G22
SML1521,"NEEDLE HYPO 23GX1"" STERILE DISP. BD #5145/TERUMO"
MS-H-000100,HINGE HALF DOUBLE FEMALE TIPMED #041863
SMI8820,PTCA SET MERIT #K09-05166A
MS-S-005460,SUTURE FIBER LOOP W/STRAIGHT NEEDLE ARTHREX #AR-7234
SMJ1892,FILTER VANACOVA FEMR.B.BRAUN#05010519/CORDIS#466-F210B/2120F
MS-C-001453,CANCELLOUS BLOCK 20X20X30MM # T00170INT
SMH1415,"TAPE DURAPORE DERMICEL 3""X10YDS DAMAD #876058/4/ 3M#1538-3"
MS-B-001630,"BED HOSPITAL ELECTRIC 3 MOTIONS WITH MATTRESS, SIDE RAILS & ACCESS. ACARE#HCB-5332"
MS-W-000459,WIRE POLYMER XT-14 0.014? DIA. 195L X 300CM VASCULAR BIOTRONIK #378013
SMI1372,SUCTION TUBE BOTH SIDES W/CONE #68.30.30/TUBE #8888-283044
P16WALKE1+,WALKER FOLDING
SMH1490,SUTURE ETHILON 10/0 W1770 MENOFILMENT
MS-S-005162,"SPONGE  SOAPY FOR BABY , NINONET LAYERTEX # 1EN1210300-21"
MS-H-000194,HOLDER LIMB SINGLE STRAP TIE POSEY ECONOMY #2510
SMH2578,CLIP LIGA MCA 20 SMALL ETHICON #MCS20
SMA2001,DRESSING WOUND ADHESIVE 20X10CM WTRPROOF B/PROOF OPSITE S&N#66000713
MS-S-005265,SCREW 6.5MMX25MM CANCELLOUS BONE J&J # 1217-25-500
SMF1028,SODIUM CHLOR.0.9% F/IRRIG.W/SCREW CAP 1000ML ABBOTT#7138/19
MS-S-004870,SCREW REDUCTION POLYAXIAL (NS3) SIZE 6.0x45MM IRINE #T04876045
SMO11981,SCREW CORTICAL TITANIUM 2X12MM IRINE# T50002012
SMT1025,SPIROMETER AIR INCENTIVE INTERTECH #2000/8888-719033
MS-S-009442,STENT GRAFT SYSTEM ENDURANT II MEDTRONIC # ETLW1613C124EE
SMI8610,GUID WIRE STIFF AMPLATZ 260CMX.035 BOSTON #465091/2511
SMI7993,WIRE SV-0.18 SIZE 180CM CORDIS #503-558
MS-W-000147,WIRE KIRSCHNER BAYONET 1.5 X 400MM TIPMED #30704151400 / 080831
SML1651,SET BLOOD ADMINISTRATION #TB -A200
MS-C-003484,CAGE CERVICAL 6X14X14 . SANYO # 61580614
SMA1103,DRESSING SURGICAL 9X30CM MOLNLYCKE#30515/671300
P15ACCU11+,ACCU-CHEK PERFORMA GLUCOSE TEST STRIP X 50
SMQ1174,SYRINGE 5ML W/OUT NEEDLE STERILE BD #302187
MS-I-000226,INTRODUCER SET ALL SIZES
MS-T-000877,THROMBECTOMY DEVICE ROTATIONAL SYSTEM 6FRx135CM.9MM CLEANER XT AMCO# 171-700109XT
P16AEROF1+,AERO-FAMILY ELECTRIC NEBULIZER
MS-N-000712,NEEDLE CURVED MENISCAL REPAIR DEVICE LINVATEC #MR007C
P15OMNIPO1+,Omnipod Machine
SMG0030,STOPCOCK 3 WAY DISCOFIX OHMEDA #394601
MS-N-000041,NEEDLE SPINAL G-27MM
SMA1997,"BAND AID SPOTS 7/8x7/8"" #4930"
MS-A-000148,AMPLATZER VASCULAR PLUG  4 ALL SIZES
SMO11619,PLATE 5.0MM LCP L BUTTRESS 5X104XL IRINE #A60070510
SMO9859,PLATE L 4 HOLES LEFT HIPOKRAT #400022000004
MS-P-003295,PLATE LOCKING 7 HOLE DISTAL MEDIAL HUMOROUS OSTEONIC#H1E.35050
SMH1487,"SKIN STAPLE EXTRACTOR ""PROXIMATE PSX"" #8039-12"
MS-L-000177,LARYNGOSCOPE DISPOSABLE MAC SET SIZE 3 SMD #31-3-12A
SMI1772,TUBE TRACHEAL POLAR PREFO.NASAL CUFF 7.5 PORTEX#100/133/075
SMI9097,STENT URETERAL DJ 4.6X28CM APPLIED MED #B3838
MS-P-004648,PLATE RADIUS DISTAL VORTEX LEFT SIDE 5 HOLES V MEDIUM. SANATMETAL #280115305
SMO1992,"PLATE TUBULAR 1/3, 6 HOLES HIPOKRAT #LM306S/400021810006"
MS-B-001208,BONE GRAFT CANCELLOUS WEDGE 11-16MM LENGTH 7MM HEIGHT LIFENET # PTCWP7
MS-C-000960,CATHETER SILICONE 22 FR. 3 WAY WITH HYDROPHILIC COATING  PORGES/COLOPLSET #XB6122
MS-P-001988,PLATE T LOCKING VOLAR 2.4/2.7 3HOLES×47(4+3)L IRENE #A68070243
MS-P-003748,PLATE RECONSTRUCTION STRAIGHT 7 HOLES X 82 L. IRENE # S72000708
MS-P-004647,PLATE RADIUS DISTAL VORTEX LEFTSIDE 18 HOLES  SANATMETAL #280114718
MS-P-003749,PLATE RECONSTRUCTION STRAIGHT 8 HOLES X 94 L. IRENE # S72000809
MS-P-001528,PLATE DCP ANGLED BLADE 35MM X 80 DEGREE 3 HOLES TIPMED #033967
SMO1748,PLATE COMPRESSION BONE 8 HOLES BROAD AESCULAP LM128S
MS-P-003293,"POWER TRIALYSIS 13F, 15CM LINGTH, CURVED EXTENSION LEGS/BOX 5 BARD # 5818150"
MS-C-001465,CABLE PATIENT MPK 4-R/ 2.0 F/ MULTI CATH BIOTRONIK#353177
MS-C-003509,CAGE LUMBAR 12X10X28 . SANYO # 61481228
MS-S-004998,STENT VIABAHIN COVERED GRAFT HEP 3.18 10CM F/ VASCULAR GORE MED. ALL SIZES
MS-B-000546,BASIC VPAP AUTO 25 EASY BREATHE MACHINE W/ FULL MASK RESMED #26101
MS-M-000231,MASK RESPIRATOR PARTICULATE N95 BIOLOGICAL PARTICLES 3M#9010
MS-G-000272,GLOVES SURGICAL SIZE 7.0 STERILE LATEX FREE / POWDER FREE SEMPERMED #827056
MS-B-001209,BALLOON VENOUS LARGE DIAMETER ATLAS GOLD  DIFF. SIZES ATLAS BARD #ATG
MS-T-000905,TAPE TIGER 2MM BRAIDED WHITE/BLACK ARTHREX # AR-7237-7T
P16NOVOP8+,NOVO FINE NEEDLE X 100
SMO11848,SCREW PEDICLE MONOAXIAL REDUCTION 5X45MM IRINE# T04755045
LB-T-000348,TEST STRIP GLUCOSE NOVA
FMORW-0162,ORTHOSIS XI
MS-E-000135,ECHELON FLEX 60MM ENDOCUTTERS ETHICON #EC60A
P15DEXCO1+,"SENSOR, DEXCOM ONE PLUS, CONTINIOUS GLUCOSE MONITORING SYSTEM (1 BOX)"
MS-S-009670,SCREW CORTICAL SELF-TAPPING 2.0X16MM IRENE #T500020016 IRENE # T500020016
MS-S-002615,SCREW LOCKING CANNULATED S/S 7.3X90MM SYNTHES #02.207.090
SMO11713,SCREW LOCKING 5X65MM IRINE# T50095065
MS-S-008273,SCREW LOCKING 3.5MM OSTEONIC#S1B.35280
SMO11700,SCREW LOCKING 5X30MM IRINE #T50095030
MS-S-005538,SCREW INTERFERENCE BIO-COMPOSITE 7X28MM FULLTHREAD ARTHREX # AR-5028P-07
SMO11706,SCREW LOCKING 5X42MM IRINE# T50095042
MS-S-004286,SCREW CDH LEGACY 6.5x45MM MAS TITANIUM SOFAMAR #75446545
SMO11707,SCREW LOCKING 5X44MM IRINE# T50095044
MS-S-003711,SCREW BONE LOCKING 3.8X44MM SANATMETAL # 932138044
SMO11711,SCREW LOCKING 5X55MM IRINE #T50095055
MS-S-003083,SCREW LEGACY 6.5 X 40MM MAS TI MEDTRONIC # 75446540)
SMO12005,SCREW CORTICAL TITANIUM 3.5X38MM IRINE# T50003538
SMI6919,BOTTLE F/BREAST MILK MEDELA #800.0505
FMORW-0133,HINGED KNEE SUPPORT
P15ACCU13+,ACCU-CHECK SAFE-T-PRO LANCET X 200
MS-S-005217,SOLUTION FIB-TEM S F/THROBOELASTOMETER TEM INNOVATION # 503-16-20
MS-P-002505,PUSH LOCK 4.5x24MM ARTHREX #AR-1922PS
MS-T-000869,TAPE LABRAL 1.5MM WHITE ARTHREX #AR-7276
MS-E-000163,ELECTRODE PACING PAD 2.5M CABLE F/ DEFIBRILLATOR H331 NIHON KHODEN #P721
SMC1041,WOUND DRAINAGE CH14 MEDINORM #50-11-505/50-22-505E
SMT1361,"PATTIES SURGICAL 1""X3"" CODMAN #80-1408/60-13"
MDMA19040115,BD MICRO-FINE NEEDLES X 100
SMO10200,WEDGE SPONGY TAIL 2MM 40X30X10MM F/OSTEOPLNT BIOTECK#OSP-05
MS-S-005091,SUTURE PDS 6-0/45CM 8MM MULTIPASS ETHICON # PDP9091H
MS-S-000374,SUTURE ETHIBOND EXCEL 2-0 GR/WH 10x75CM W/PLEDGET NEEDLE 26MM ETHICON/COVIDIEN #W10B77/88862851-56
SMA240,SWAB ALCOHOL STERILE
SMA1042,BANDAGE DELTA ROLL 15CMX2.75M JJ #92843/51694 S&N #7033
SMD1024,BANDAGE POP GYP.CELLONA XTRA 5CMX270CM#627070/91180/3323901
SMI9106,"BONNET DISP,F/BABY FLOW,SMALL DRAGER#8418534"
SMD1027,BANDAGE POP GYPSONA 15CM #62-7074/HARTMANN #332 394 1
MS-S-004975,SHEATH URETERAL ACCESS SET NAVIGATOR 11/13F X 36CM F/FLEXIBLE SCOPE BOSTON SCIENTIFIC #250-202
SML60,"NEEDLE HYPO 22Gx1.5"" STERILE DISP.BD #5156/TERUMO #2238R"
MS-B-000496,BOLT CANNULATED LONG TIPMED #043836
SMH1605,CUTTER LINEAR 55MM RELOADABLE ETHICON #TLC55
SME09,APRON PLASTIC WHITE DISP.
SMO10302,SCREW F/BONE LOCKING 4.8X44MM SANATMETAL #SAN-932148044
SMO10304,SCREW F/BONE LOCKING 4.8X48MM SANATMETAL #SAN-932148048
MS-C-002009,CATHETER GUIDING ALL SIZES
MS-S-003820,STENT ALEX B.D.P DRUG ELUTING ALL SIZES
MS-P-000842,PAD COOLING GEL FOR PEDIA/ADULT FRESCOPAD
SMJ2025,DILATOR SET AMPLATZ SHEATH BOSTON #260-250
SMI1226,CATHETER EMBOLECTOMY CH7/80CM RUSCH #337000/(D&G #8258-07)
SMF3068,GLYCINE 1.5% SOL. IRRIGATION 2000ML #FBG-E-0507-2000
SMI5322,TUBING RESPIRATORY SYS.COMPL.INTERSURGICAL#2010/ARMS#1780/7
SMI1400,CATHETER TROCAR CHESTDRAIN 20CHX40CM ARGYLE #8888-561043
MS-E-000251,ECHELON FLEX PWRD VASCULAR STP ETHICON # PVE35A
MS-D-000507,DRESSING GRASSOLIND STERILE 10X20CM P30 HARTMANN # 4993368
SMY5243,PLUSE OXIMETER W/SENSOR REUSABLE EDAN #100B
SMH1271,SUTURE SILK ETHICON #W667H/(D+G #1093-51)/1084-51
MS-H-000098,HINGE HALF MALE TIPMED #041795
MS-S-008756,SCREW CORTICAL 2.7X22MM SELF TAPPING. IRENE # T50027722
SMO11989,SCREW CORTICAL TITANIUM 2.7X18MM IRINE# T50002718
MS-S-007895,SCREW CAN BONE 6.5MMX30MM PINN JOH. & JOH. # 1217-30-500
SMO12001,SCREW CORTICAL TITANIUM 3.5X30MM IRINE# T50003530
P16CRUTC1+,CRUTCHES UNDER ARMS ALL SIZE (PAIRS)
SMO2322,"PEN MARKING VIOMEDEX #VX200,POREX #6310"
MS-B-000510,BAG VOMITING SIZE 1.5LTR GREATCARE#GCG305001
SMY7013,ADAPTOR SEALING MH-544 #1110124
SMI1769,TUBE TRACHEAL POLAR PREF.N.NASAL CUFF 6.0 PORTEX#100/133/060
MS-C-003483,CAGE CERVICAL 6X14X12 . SANYO # 61580612
MS-N-000781,NEEDLE ELECTRODE FOR RECORDING MEDTRONIC  # NRE1003
MS-S-005836,SUTURE ANCHOR SWIVELOCK 4.75MM X 19.1MM CLOSED EYELET ARTHREX # AR-2324BCC
SMO11800,ROD TITANIUM 5.5X50MM IRINE# T04715050
MS-T-000978,TISSUE FACIAL 210X180MM/2 PLY WITH SGH LOGO. (PKT/100SHT)
MS-D-00041,DRAPE SURGICAL COVER SIZE 160 X 200CM MEDIPRRO #AD-L
MS-A-000782,"AUDIO PROCESSOR, SONNET 2ME 1510, COCHLEAR KIT"
SMI8600,MASK OXYGEN ADULT W/NEBLZR.SALTER LABS #8924/1483/OCTURNO#1705/2011
SMI9139,ENDOPROSTHESIS FLAP  HUIBREGT. CURV. 8.5FRX14CM #703485014
SMI5944,INTRUDUCER SET 7FR BARD#006177/573311/IA11207-1/BS#92500007
MS-C-002037,CAGE THORACIC & LUMBAR 23 X 9 X 10 IRENE # P06051023
SMO1744,PLATE COMPRESSION BONE 8 HOLES SMALL AESCULAP LM108S
MS-S-004456,SCREW INTERFERANCE BIOCOMPOSITE 9X23MM #AR-1390C
MS-B-001832,BALLOON LUMINOR 14 PACLITAXEL ELUTING PTA DILATATION CATHETER ALL SIZES#SAUDI SICLI COMP#BPDPC14M SA
MS-B-000780,BALLOON DRUG ELUTING PTA PASEO-18 LUX BIOTRONIC ALL SIZES
MS-C-001952,CATHETER FLEBOGRIF SET W/AETHOXYSKLEROL FOAM F/VARICOSEVEIN BALTON # FLE6F
MS-E-000914,ESPRIT BTK 3.5X38 (ABBOUTT) # 1203350-38
P15NEBUL2+,NEBULIZER  (OMRON)
SMA1014,DIAPER LARGE MOBILE 10-20KG
SMH1441,STAPLER PROXIMATE SKIN PMW35 (D&G #8037-12)
SMI8667,WIRE GUIDE ANGLED .035(260CM) TERUMO #GA35263
SMI5972,WIRE GUIDE CHOICE PT 0.014 STR BOSTON #1216001/NTLPLS180
SMI110,TUBE ENDOTRACH SIZE 4.5MM UNCUFF.SHEDIRAN#5-10409/127-45-2
SMI1199,TUBE ENDOTRACH 4.0MM CUFFED ORAL/NASAL #5-10108/107-40
SMI8599,PORT ARTERIAL ADULT PAKUMED #111247A/111251A
SMO12301,PLATE PHALANGEAL 5HOLESX30LXL/R IRENE# A77040530
MS-P-000252,PUTTY 1CC GRAFTON DBM OSTEOTECH #X43102 / MEDTRONIC #T43102INT
SMO11597,PLATE 5.0MM LCP DISTAL CONDY.BTRS. 5X18X158XR IRINE#A69080515
MS-P-002197,PACK DISPOSABLE FOR LIVER SURGERY PENNINE HEALTH CARE #AUM-11501
MS-P-002295,PLATE SMALL DCP 3.5 x 5 HOLES TIPMED #027850
MS-S-009273,SCREW POLYAXIAL 6.5MMX45MM. NUVASIVE # 7246545
MS-S-003742,SCREW CERVICAL MULTI AXIAL VERTEX MAS 3.5MMX14MM SOFAMOR DENEK #6958714
MS-S-003743,SCREW SET CERVICAL VERTEX M6 SOFAMOR DENAK #6950315
MS-S-009467,SCREW VORTEX 2.7X25MM SANATMETAL # 260827125
SML101,SYRINGE 50/60ML CATHETER TIP STERILE #BD #9664
SMI1771,TUBE TRACHEAL POLAR PREFO.NASAL CUFF 7.0 PORTEX#100/133/070
MS-S-003682,STENT URETERAL SET PEDIATRIC 3MM X 16CM ALLWIN # POS3/16 ? R+G
SMI1220,TUBE ENDOTRACH REINF.7.5 CUF.SHER#5-12615/100/110/075/104202MM7.5
MS-S-005564,SESSION CRRT TREATMENT. (MULTIFILTRET KIT4 EACH 1 +  FILTRATE BAG 10 LTRS EACH 1 +  MULTIBIC SOLUTIO
MS-B-000866,BLADE SHAVER 4.2MM GREAT WHITE LINVATEC/CONMED #9299A
MS-B-001186,BLADE SHAVER EXCALIBUR 4.2 MM X 16 CM ARTHREX # AR-6420EX
SMI6526,VENTRICULAR EXTARNAL DRAINAGE SYSTEM CODMAN #82-1720
MS-I-000794,"INTELLIS™ ADAPTIVESTEM, SPINAL CORD STIMULATION SYSTEM, (MEDTRONIC) # 97715"
MS-W-000066,WIRE PTCA HYDRO S.FLOPPY
SMS1009,ID BAND ADULT WATER PROOF HOLLISTER #6709
MS-G-000274,GLOVES SURGICAL SIZE 8.0 STERILE LATEX FREE / POWDER FREE SEMPERMED #827056801
MS-T-000475,"TUBE - T SILICONE SIZE 1.32MM, L 6MM INVOTEC #23-50601"
SMI6204,"CONNECTOR ""Y""3/8X3/8X3/8""STER.COBE#050-526-000/GISH#EC2105S"
SMI6121,VALVE AORTIC 25MM STD.CARBOMEDICS#A5-025/SORIN#ART25LSA
SML332,"CATHETER SUCTION 8CHX14"" W/CONTROL BD #3071/JM-C2408R"
SMA1015,BANDAGE ELASTIC LENKELAST  8CM #19461
MS-I-000225,IMPLANT SYSTEM MPFL W/BIOCOMPOSITE ARTHREX #AR-1360C-CP
MS-R-000439,ROD TITANIUM (NS3).SIZE 6.35x300MM IRINE # T04815300
MS-T-000863,TAPE FIBER 2MM BRAIDED POLYBEND BLUE ARTHREX# AR-7237
SMY1036,UMBILICAL CORD CLAMP PLASTIC  DISP MEDINORM #44-00-000
MS-B-000814,BOWL KIT ATLS2001 BT725  & EL2402-2 MEDTRONIC #ATLS24
SMO10265,NAIL 135 DEG.10MM F1 SANATMETAL #SAN-254010135
MS-L-000105,LIGASURE NEW SMALL JAW X 6 COVIDIEN # LF1212
MS-S-005459,SYRINGE 10CC AMBER MEDICATION ORAL TIP CAP DISPOSABLE BD #071305209
SMO11702,SCREW LOCKING 5X34MM IRINE# T50095034
SMO11684,SCREW LOCKING 3.5X28MM IRINE# T50093528
SMO12109,SCREW CORTICAL S.STEEL 3.5X22MM IRINE# S50003522
MS-S-002946,SCREW CORTICAL 4.5 x 58MM HIPOKRAT# 400032220580
MS-S-009066,SCREW LOCKING 6.5X75MM SELF TAPPING. MEDGAL BOLAND # 1-01-84-75
MS-S-000944,SCREW LOCKING 3.5x50MM SELF TAPPING IRENE #T500935050
MS-S-004689,SCREW LOCKING 2.7×22MM SELF TAPPING IRENE #T50092722
MS-S-008276,SCREW CORTICAL 2.8MM OSTEONIC#S1D.35140
MS-S-001408,SCREW SET CDH LEGACY 5.5MM MEDTRONIC SOFAMOR #7540020
MS-S-004458,SCREW INTERFERANCE BIOCOMPOSITE 8X28MM FULL THREAD #AR-1380TC
SMO10088,SCREW MINI REVO PRELOADED LINVATEC #C6109-A
SMO11698,SCREW LOCKING 5X26MM IRINE #T50095026
MS-N-001367,NAIL INTERLOCKING 12X360MM X R FEMORAL NAVIGATOR. IRENE # T40221236
SME1415,"MASK NEONATAL F/CPAP, MEDIUM DRAGER#8418490"
SME1405,MASK FACE DISPOSABLE SIZE 3 FLEXICARE #415SFS
SMY6826,CARTRIDGE ACT MEDTRONIC/HEMOCHRON #402-03/JACT+
MS-B-001043,BIOCOMPOSITE PUSH LOCK 4.5MMX28MM ARTHREX# AR-1922BCM
SME1428,MASK LARYNGEAL DISPOSABLE SIZE 2 PORTEX
MS-S-008327,SCREW CANNULATED CANCELLOUS 4.5X55MM PARTIALLY THREADED IRENE # S56034555
SMO11997,SCREW CORTICAL TITANIUM 3.5X22MM IRINE# T50003522
MS-S-008294,SUTURE ANCHOR SHORT 2.9X12.5MM HIP PUSH LOCK  BIOCOMPOSITE. ARTHREX # AR-2923BCH
MS-S-005676,SUTURE ANCHOR 2 MM X 12 MM
SMO10520,NAIL TIBIA-TWX TITA. 10X300MM SANATMETAL #SAN-297210300
FMORW-0134,KNEE SUPPORT
MS-C-000658,CLIP LIGA MCA LARGE ETHICON #MCL20
SMD3707,CUFF NEONATAL 2 SHP ACC DRAGER #2870199
MS-S-002061,STENT SELF EXPANDABLE STENTYS B.BRAUN DES ALL SIZES
MS-S-004794,SENSOR FOR PICCO PV8810-PROAQT 30CM LIN # MCC06882824
SMI9049,"NEEDLE PUNCT.INITIAL 3PRT.18G,20CM ALLWIN #IPN18-20-3"
MS-S-010623,SCREW LOCKING VORTEX 2.7X28MM ANGLE VARIABLE .SANATMETAL #260827128
MS-P-000746,PUSH LOCK BIO-COMPOSITE 3.5X19.5MM ARTHREX #AR-1926BC
SMC1080,ICE PACK COLD/HOT REUSABLE MEDIUM/3M #1570
MS-E-000136,ECHELON FLEX 60MM RELOADS VASCULAR WHITE ETHICON #ECR60W
SMI6067,TRANSDUCER DOUBLE KIT DISP. OHMEDA BD #071-682032
MS-C-001147,CATHETER ANGIOGRAPHIC TIGER RIGHT 100CM TERUMO #RH*6TR4000M
SMI8956,UMBILICAL CATHETER FR. 4
SME1079,TAPE SURGICAL OP 10X50CM #381030
SMB1325,SPECULA EAR 4.25MM DISP.F/OTOSCAPE WELCH ALLYN #52434
MDMA18120107,"SURGICAL BINDER & ABDOMINAL SUPPORT, (L) FUTURO (46201EN)"
SMO11806,ROD TITANIUM 5.5X100MM IRINE# T04715100
SMQ4692,SYRINGE W/HANDLE 150ML F/ANGIOMAT 6000 #600269
MS-S-004974,SHEATH URETERAL ACCESS SET NAVIGATOR 11/13F X 46CM F/FLEXIBLE SCOPE BOSTON SCIENTIFIC #250-204
MS-S-001996,SHEET INTRODUCER COAT RADIFOCUS RADIAL KIT 6FR TERUMO # RM*AF6J10SQW
MS-I-000201,INTRODUCER BRAIDED (COIL TYPE) DIFFERENT SIZES BALTON
MS-P-002650,PANT SHORT MEDICAL SMS WITH FRONT WHOLE DISPOSABLE FREE SIZE ARABELLA
MS-R-000330,"ROD CDH PREBENT 5.5X40MM,SOFAMOR # 8690040"
MS-U-000009,UNDERPAD 60X90CM DISPOSABLE
MS-L-000541,LOCKING PLATE 5 HOLE DISTAL POSTERO-LATERAL.OSTEONIC#H1D.35030
SMQ4700,KIT INFLATION DEVICE AVE #AC2205/MTY2030
SMH1359,SUTURE ETHIBOND EXCEL 2/0 ETHICON #W6937
SMO10517,SCREW F/BONE LOCKING 3.8X30MM SANATMETAL #SAN-932138030
SMO10527,SCREW F/BONE LOCKING 3.8X40MM SANATMETAL #SAN-932138040
P15TOPFI1+,TOP FINE INSULIN PEN NEEDLES X 100
MS-S-005828,STEM 15MMX140MM STRAIGHT DISTAL TAPERED J&J # 1976-15-140
MS-S-008293,SUTURE ANCHOR W 2 FIBERWIRE 2.4MM.BIOCOMPOSITE. ARTHREX # AR-1934BCF-24
MS-U-000039,UNDERWEAR  DISPOSABLE F/ OR PATIENT XXL SIZE KIMBERLY CLARK#E3050
MS-A-000524,AUTOCPAP/APAP DEVICE AIRSENSE 10 F/ OBSTRUCTIVE SLEEP APNEA INCLUDING STD. ACCESSORIES RESMED #3726
MS-S-009037,STENT ABRE #AB9G14060090#MEDTRONIC ALL SIZES MEDTRONIC # AB9G14060090
SME1391,MASK SILICON SIZE 5 W/INFLATABLE CUSHION DISP.
SME1388,MASK REUSABLE M NOVA STR F/VENT DRAGER #MPO1580
SMI5341,CATHETER TROCAR CHESTDRAIN FR14 PROCLINIOCS #11014
SMI1180,CATHETER TROCAR CHSTDRIN 32CHX40CM ARGYLE#11032/CASG#I12013
MS-E-000185,ECHELON FLEX 60MM RELOADS STANDARD/THICK GOLD ETHICON # ECR60D
MS-R-000534,ROPE TIGHT 11MM ABS W/BUTTON ROUND CONCAVE ARTHREX # AR-1588TB-3
MS-D-000001,DISINFECTANT ISOPROPYL ALCOHOL 70% SPRAY 250ML SKINDESS/NAPHCARE
SMH1513,CLIP ENDO 10MM TITANIUM AUTOSUTURE/ETHICON #ER320/176615
SMI7980,BALLOON CATHETER PTCA ALL SIZES
MS-B-000302,BIPOLAR HEMI ARTHROPLASTY DIFFERENT SIZES
SMI5346,CATHETER DUAL LUMEN 10FRX15CM CURVED QUINTON #8817-146007
SMO11805,ROD TITANIUM 5.5X80MM IRINE# T04715080
MS-S-009571,SCREW CDH M8 LEGACY REDUCTION SET SCREW AMICO MEDICAL INSTRUMENT CO. # 7540220
MS-S-004857,SCREW REDUCTION MONOAXIAL (NS3) 6.0 X 40MM IRINE # T04856040
SMO12004,SCREW CORTICAL TITANIUM 3.5X36MM IRINE# T50003536
MS-P-002513,"PATCH DURA SUBSTITUTE 3X3"" DUREPAIR MEDTRONIC # 61105"
FMORW-0031,LUMBAR SPINE BRACE
SMI5989,CATHETER PIGTAIL 6FR #006465/BOSTON #0864140
MS-U-000040,URETROSCOPE FLEXIBLE PLASTIC DISP. 650 MM PUSEN MEDICAL # PU3022A
P16T.MOV2+,WHEEL CHAIR MOVABLE TAIWAN
SMI6208,WIRE GUIDE 0.032X260XM LONG STRAIGHT TIP KIMAL #SFC260032/38101
MS-S-002575,"STONE EXTRACTOR DORMIA 4 WIRES, 3FR. 90CM DETACHABLE HANDLE PORGES COLOPLAST #EXT424"
SMO2581,WIRE K. 1.2X150MM FLAT END TRO.HIP.#400030701215/AESC#LX112
SMH2452,SUTURE MONOCRYL ETHICON #W3204/W3209
MM00331SFDAA0001,ACCU-CHEK SOFTCLIX LANCETS X 200 (NEW)
SMO11585,SCREW LAG 7.0X105 F/LCP PROXIMAL FEMUR PLATE IRINE #T560370005
MS-R-000362,ROD  3.5 X 240MM SOFAMOR DANEK  #7750015
MS-R-000221,ROD THREADED 75MM TIPMED #042235
SME1260,DRAPE SURGICAL COVER SIZE 165CMX110CM STERIPHARMA#1016
MS-B-000958,"BALLOON EXPANDABLE COVERED STENT ATRIUM AVANTA V12 7FR, 7X59MM MAQUET #85335"
SML98,SYRINGE 20ML W/O NEEDLE STERILE BD#9661 /THERUMO SS*20L
MS-S-002700,STENT URETERAL SET SILICONE DOUBLE PIGTAIL 6FR X 28CM GEOTEK #SDJ628-BEO
SMI6957,"CATHETER PEDIATRIC 5FRX6CM,2 LUMEN BIOMETRIX#HK-5006"
MS-S-007899,SOLUTION ANTISEPTIC POVIDONE IODINE 10% 240ML
MS-B-000416,BAND TR STD. 20CM RADIAL ARTERY HAEMOSTASIS DEVICE TERUMO # XX*RF06
MS-P-003608,PLATE LOCKING 7 HOLES CLAVICLE HOOK 3.5MMX15MMX112MM L . IRENE # A93371507
MS-S-005841,STENT SELF EXPANDABLE F/ SFA FULL POPLITIAL LIFESTENT DIFF. SIZES BARD #EV1C
SMI1536,CATHETER EMBOLECTOMY CH4/80CM RUSCH #337000/ISOMED#300480
MS-D-000384,DRESSING CUTIMED GEL PAD SORBACT SIZE 7.5X7.5CM BSN#063-7261100
MS-S-005840,STENT VENOUS UNCOVERED LARGE DIAMETER VENOVO DIFF. SIZES BARD #VENEL
MS-E-000231,ELECTRODE W/CABLE DISPOSABLE F/PATIENT (SCOTCH PLATE) ERBE #20193-083
MS-S-003467,SHEAR DISSECTING STRAIGHT LOTUS #DS4-400CD
MS-P-001938,PLATE LOCKING HUMERUS DISTAL MEDIAL
MS-P-001940,PLATE LOCKING HUMERUS DISTAL MEDIAL 2.7/3.5 9 holes×136mm L
SMO11642,PLATE LCP MDTCP 3.5MM 4X118XR IRINE# A70180411
MS-C-003403,CHIPS 30CC CANCELLOUS CRUSHED. LIFENET # PCAN30410
MS-P-002667,PLATE DISTAL 24MM W RADIUS LIP R VARIABLE ANGLED.OSTEONIC#B1B.24040
MS-S-004786,SCREW PEDICLE POLYAXIAL 6.5×45MM IRENE #T04766545
SMI1175,INTUBATION STYLET PEDIATRIC PORTEX #100/120/100 MALL#116-06
MS-P-002619,PLATE 26MM T CERVICAL ANTERIOR IRENE # 60620025
MS-R-000159,RING HALF ALUMINIUM 180MM TIPMED #040637
MS-P-000918,PLATE PROXIMAL HUMERUS 3.5MM LCP 6 HOLES X 98 LENGTH A70490609 IRINE# A70490609
SMO8646,PLATE ONE THIRD TUBULAR 9 HOLES HIPOKRAT #400-02-181-0009
MS-C-000907,CUTTER-3 CRANIOTOME SPIRAL FOR HI-LINE XS AESCULAP #GE620R
MS-G-000675,GLOVES SURGEON 8.5 STERILE POWDER FREE
MS-P-002657,"PLATE DCP ANGLED 60 MM X 90"" ; 4 HOLES TIPMED # 033899"
SMI6073,HYDROCATH TRIPLE LUMEN 7FX20CM OHMEDA #6810681
MS-D-001007,DRILLSHAVER 2.9MM PUSH LOCK SHORT VE5. ARTHREX # AR-2923DSR
MS-S-002021,SOLUTION ALCOHOL HAND DISINFECTANT SPITODERM / DESDER MAN PURE (1000ML/BTL)
MS-P-002461,PROBE BIPOLAR ARTHROSCOPIC WITH SUCTION ENERGY 90° CONMED # AES-90S
MS-R-000545,ROD 5.5X30MM PREBENT MEDTRONIC # 8690030
MS-T-000730,TUBE BREATHING CIRCUIT VENSTAR MRI 300 LATEX FREE  300CM DISPOSABLE DRAGER# MP-00327
SMO10273,NAIL RIGHT 11X370MM F1 SANATMETAL #SAN-254211370
MS-T-001361,"T-PAL SMALL, HEIGHT 11 MM, PEEK, STERILE JOH. & JOH. # 08.812.011S"
SMI1224,CATHETER EMBOLECTOMY 5CH 80CM RUS#337000/BAX#120805F/300580
MS-T-000827,TUBE EXTENSION W/ T. MALE LUER LOCK 10CM LENGTH
SMJ2100,ELECTRO SURGICAL PENCIL COMP.SET DISP. CONMED #130307A
MS-K-000168,KIT MASTER F/ HIP ARTHROSCOPY W/ BLADES DISPOSABLE ARTHREX # AR-6526S
SMA1018,BANDAGE ELASTIC LENKELAST 15CM #50419464
MS-S-005800,SUTURE FIBERWIRE 2-0 BRAIDED POLYBLEND WITH TAPERED NEEDLE BLUE . ARTHREX # AR-7242
MS-B-000806,BONE GRAFT GENEX 10CC OSTEOCONDUCTION+OSTEOINDUCTION BIOCOMPOSITES #900-010
SMO11866,SCREW PEDICLE POLYAXIAL REDUCTION 6X45MM IRINE# T04776045
SMO11850,SCREW PEDICLE MONOAXIAL REDUCTION 6X40MM IRINE# T04756040
SMB1013,"TONGUE DEPRESSOR 6"" STERILE"
SMJ09,ELECTRODE ECG PREGELLED PEDIATRIC STERILE DISP BIPOLAR#716
MS-B-001635,BLADE SAW DISPOSABLES KIT TIBIAL ACL . ARTHREX # AR-1898S
MS-S-009194,"STEM FEMORAL CEMENTLESS 12/14 AMT 135 DEG, JOH. & JOH. # 3L92513"
MS-C-003646,CATHETER EKOSONIC ENDOVASCULAR DEVICE BRITISH TECHNOLOGY GROUP # 500-55112
SMO12107,SCREW CORTICAL S.STEEL 3.5X18MM IRINE# S50003518
MS-S-003647,SCREW F/BONE LOCKING 3.5x36MM SELF TAPPING SYNTHES #213.036
MS-S-005533,SCREW 6.5X50MM CDH LEGACY SOFAMOR DANEK # 75446550
SMO11701,SCREW LOCKING 5X32MM IRINE #T50095032
SMO11988,SCREW CORTICAL TITANIUM 2.7X16MM IRINE# T50002716
MS-S-005824,SCREW 4.5X15T CANCELLOUS VARIABLE ANGLE SELF TAPPING IRENE # 60614515
MS-S-004690,SCREW LOCKING 2.7×24MM SELF TAPPING IRENE #T50092724
SMO11705,SCREW LOCKING 5X40MM IRINE# T50095040
SMO11712,SCREW LOCKING 5X60MM IRINE# T50095060
MS-S-005449,SCREW CORTICAL 4.5x32MM BONE SELF TAPPING SANATMETAL# 930545032
MS-S-001737,SCREW CORTICAL S/STEEL SIZE 4.5X22 IRENE#S50004522
SMO11714,SCREW LOCKING 5X70MM IRINE# T50095070
MS-S-002465,SCREW LOCKING  3.5 X 36MM IRENE #T50093536
MS-S-005816,SCREW 4.0X17T VARIABLE  ANGLE SELF DRILLING IRENE # 60612417
MS-S-005852,SCREW CANNULATED 3.0MM X 24CM HEADLESS TITANIUM. OSTEONIC # D2E.30240
SMQ4748,SHUNT MICRO PROGAMABLE VALVE CODMAN#82-3113/MEDTRONIC#42865.
SMO12108,SCREW CORTICAL S.STEEL 3.5X20MM IRINE# S50003520
MS-S-005656,SUTURE ANCHOR 4.75MM X 19.1MM VENTED SWIVELOCK ARTHREX # AR-2324PSLC
SMO10431,NAIL HUMERUS HWDA STEEL 8X260MM SANATMETAL #SAN-253180260
SMH1275,BONE WAX ETHICON #W810A/W30E
SMI6079,TUBE ENDOTRACH O/N SIZE 5 UNCUFFED SHERIDAN #5-10410
MS-R-000533,ROPE TIGHT 20MM ABS W/ BUTTON ROUND CONCAVE ARTHREX # AR-1588TB-5
MS-F-000223,FORCEP MARYLAND JAW 37CM COVIDIEN # LF1737
MS-S-004432,STAPLER LINEAR CUTTING GIA 60-4.8 RELODABLE COVIDIEN #GIA6048S
MS-S-005036,STAPLER TA VASCULAR DST COVIDIEN # TA30V3S
SMG1025,SURGICAL HAEMOSTAT NU-KNIT 7.5X10 CM ETHICON #1943
MS-S-005255,SUTURE V-LOC 90 2-0/27MM 15CM COVIDIEN # VLOCM2105
SMO1630,SCREW CORTEX 4.5X18MM LONG HIPOKRAT #400032220180/LA118/153351729
MS-W-000462,WIRE GUIDE SENSOR ORCHESTRA 0.035X150CM COLOPLAST # AECD35
SMI1605,TUBE FEEDING CH6X48CM PENNINE #FT-1606/48.
MS-T-000892,TUBE FEEDING SET GASTROSTOMY MICKEY BUTTON FR18 KIMBERLY CLARK
SMC1039,WOUND DRAINAGE CH10 MEDINORM #50-11-503/50-22-5033
SME1034,BANDAGE COTTON GAUZE ELASTIC 8X4 931524/3822/HART#3031124
SME1103,OVERSHOES COVER
SMT1355,"PATTIES SURGICAL 1/2X2"" CODMAN #80-1406/60-29"
SMI1580,TUBE STOMACH CH14 18CM PENNINE #ST2414
MS-S-003512,SUTURE PROGLIDE PREICLOSE DEVISE
SMH1515,SHEARS ENDO AUTOSUTURE #176607/176643
MS-B-000755,BONNET DISP. NASAL CPAP BABY FLOW X-LARGE DRAGER#8418537
MS-P-004680,PROXIMAL COMPONENET MUTARS  RS 135/32MM. IMPLANTCAST #67101535S
SMT1014,CANNULA IV VENFLON 18G
MS-R-000379,"ROD CROSSLINK, CERVICAL.MEDIUM SOFAMOR DANEK #7752536"
SML110,"SYRINGE TUBERCULIN 1ML 27GX0.5"" BD #9623/601036"
MS-L-00006,LEAD VASCO EXTRACTION KIT
MS-S-003986,SHEATH INTRODUCER PEEL AWAY LI- 10 FR BIOTRONICK #370704
SMH2682,SUTURE MONOCRYL 3/0 EHTICON #W3664
SML65,"NEEDLE HYPO 20GX1.5"" STERILE BD #301300"
MS-S-004694,SCREW LOCKING 2.7×35MM SELF TAPPING IRENE #T50092735
SMO10296,SCREW F/BONE LOCKING 4.8X30MM SANATMETAL #SAN-932148030
MS-W-000434,WIRE CERCLAGE 1.5MM X 10 MTR HIPOKRAT #300030111019 /ORTHOSELECT #6900-0-6015
MS-H-000114,HUMERAL HEAD 15 DEG. S/STEEL 38MM TIPMED #019671
MS-C-004006,CATHETER PIGTAIL ANGIOGRAPHY W/ 8 SIDE HOLES 6FTX100CM BRAODE#BALTON
P16THUMB4+,"THUMB SPLINT AIR SOFT, SHORT RIGHT, SMALL, BLUE COLOR, (DEROYAL) # 313BR"
P16D.ARMS8+,"ARM SLING, NAVY SPECIALITY, LARGE, (DEROYAL) X 1 # 8004-05"
SMI6214,CATHETER INTRA AORTIC BALL.8FR 40CC DATASCOPE#0684-00-0431-01
P15AEROC3+,AEROCHAMBER  INFANTS   W/MASK
MS-C-000275,CATHETER EXPORT ASPIRATION 6FR
SMC18,BAG URINE DRAINAGE 2000ML NONSTERILE DISP
MS-E-000119,ENDO GIA AUTOSUTURE #EGIAUSTND
MS-R-000538,ROPE TIGHT 14 MM ABS W/BUTTON ROUND CONCAVE ARTHREX # AR-1588TB-4
SMC1036,URINAL MALE PLASTIC DISP. BAXTER #13554-0030
MS-N-000439,NEEDLE CURVED MENISCAL REPAIR DEVICE LINVATEC #MR004C
SME1363,GOWN ISOLATION JMI #JM-G2101
SME1136,GELFOAM SPONGE SZ.50 80X62.5X10MM UPJOHN#0323-01/CURO#CS010
MS-S-004510,SUTURE MERSILK 1 60MM X 75CM #W562H
SME1198,GLOVES SURGICAL SIZE 7 BIOGEL #09109/MAXXUS J&J #5070
MS-N-000515,NUT TIPMED #042631
MS-N-000473,NUT DEGEER TIPMED #042648
SMI1660,GROMMET SHEPARD 1.14MM W/TEF.XOMED#10-28012/SPIGGLE#104115F
MS-S-009731,SCREW CORTICAL 2.7X28MM (SELF-TAPPING)(TITANIUM)
MS-S-004934,SCREW REDUCTION MONOAXIAL (NS3) SIZE 7.0x45MM IRINE #T04857045
SMI135,TUBE ENDO.7.5MM CUF.ORAL/NSL.MAL#107-75/PORTEX#100/199/075/112480MM7.5
SMO2576,WIRE KIRS.FLAT 1.6MMX310MM AESCULAP #LX016/GPC#PS912.016
MS-S-005737,"SUTURE # 2 FIBER WIRE W/TAPERED NEEDLE 26.5 MM, BLUE 97 CM ARTHREX # AR-7200"
MS-T-001524,"TROCAR VERSA OPTICAL 11MM W/FIXATION CANNULA, COVIDIEN # ONB11STF"
MS-H-000297,HARMONIC ACE 23CM ERGONOMIC ETHICON# ACE23E
SMO10395,NAIL FEMORAL HWDA STEEL 7X220MM SANATMETAL #SAN-253170220
MS-R-000427,ROD TITANIUM (NS3).SIZE 6.35x60MM IRINE #T04815060
SMQ1175,SYRINGE 10ML W/OUT NEEDLE  STERILE BD #9604
P15ACCU12+,ACCU-CHEK FASTCLIX LANCET X 204
SMI78,MASK OXYGEN W/CONNECTOR ADULT #8110/1115/OCTURNO #1041/3031
MS-S-008322,SCREW CANNULATED CANCELLOUS 4.5X30MM PARTIALLY THREADED. IRENE # S56034530
MS-K-000285,KNEE ISNY ABOVE PROSTHESIS
SME1396,"SENSOR ADHESIVE NEONATAL 18"" F/RADICAL-7 MASIMO #2329"
MS-D-000142,DRESSING MEBO 40 X 60MM JULPHAR #6291100087440
MS-C-001531,CANNULA NASAL OXYGEN SIZE INFANT
SME1139,"DRAPE STERILE 48x118"" F/ZEISS OPMI MD #326071-0000/326070"
MS-P-003659,PLATE LOCKING 7 HOLES CLAVICLE HOOK 3.5MMX18MMX112MM
MS-N-001409,"NAIL-FI 11X240MM ,135 SANATMETAL # 254011424"
MS-P-003769,PLATE TABULAR 9 HOLES 1/3. ORTHOSELECT # 6022-0-4009
MS-P-002530,PLATE LOCKING RECONS CALVICLE 3.5MM 6 HOLE 94MMR IRENE # T725806094
MS-S-008812,STENT GRAFT COVERA FLAIRED#BARD-USA BARD # AALEOXXXX
MS-A-000503,"AMPLATZER VASCULAR PLUGSIZE 12,FREESIZES MEDISERV # 9-PLUG-012"
MS-P-004005,PLATE VORTEX DISTAL RADIUS -V+ MEDIUM LEFT 5 HOLES SANATMETAL # 280114305
MS-B-001227,BONE GRAFT 13MMX13MMX30MM CANCELLOUS MEDTRONIC # T00150INT
SMO11393,BALDE SHAVER AGRSV.CUTTER STRL.4.5MM KARL STROZ#28205AK5
MS-V-000449,"VECTRIS SURESCAN MRI-1X8X75CM, COMPACT LEAD KIT, FOR SPINAL CORD STIMULATION, (MEDTRONIC) # 977A275"
MS-W-000303,WASHER STANDRED LARGE S/S TO USE 4.5 - 6.5 IRINE.
MS-W-000304,WASHER STANDRED SMALL S/S TO USE 3.5 - 4.0 IRINE.
MS-P-000921,PLATE DCP-LC RADIUS 7 HOLES X 10 X 100 LENGTH S80630710 IRINE# S80630710
MS-C-002052,CANNULA TWIST-IN 8.25MM X 9CM ARTHREX # AR-6540
MS-B-001640,BONE GRAFT 1CC PUTTY. LIFENET # TPUT01
MS-D-001075,DRESSING SENSTRACT MEDIUM GRANUFOAM KCI # M8275052/10
MS-C-001821,CANNULA TWIST-IN 7MMX7CM LONG W/NO-SQUIR CAP ARTHREX# AR-6570
MS-V-000149,VALVE PROGRAMMABLE BURR HOLE CODMAN #82-3184
MS-S-000630,STENT EXPRESS VASCULAR ALL SIZES.
SMH2438,SUTURE PDSO ENDOLOOP ETHICON #MIC112G/EZ10G/SGL3
SMO11863,SCREW PEDICLE POLYAXIAL REDUCTION 5X45MM IRINE# T04775045
SMF1051,SOLUTION ULTRA STOP 25ML W/DROPER KARL STORZ #15006C/15006B
SMO8945,AMPLATZER DELIVERY SYSTEM 7FR.AGA MEDICAL #9-DEL-7E
SMI1393,AIRWAY NASO PHARYNGEAL SIZE 7.0MM PORTEX #100/210/070
MS-S-000190,STOCKING ANTI EMBOLISM THIGH XL36X41CM LARGE
SME1125,CAP SURGEON HOOD KIMBERLY CLARK #69110/M42072
MS-L-000170,LIGASURE IMPACT 14° CURVED JAW COVIDIEN #LF4318
MS-P-000876,POUCH ENDO BIG SPECIMEN RETRIEVAL 4? X 6? ETHICON #POUCH
MS-S-000211,STAPLER ENDO GIA INSTRUMENT 80-3.8MM.
MS-S-008325,SCREW CANNULATED CANCELLOUS 4.5X45MM PARTIALLY THREADED IRENE # S56034545
MS-S-009328,SCREW LOCKING 4.8X30MM IRENE # T40254830
MS-S-008329,SCREW CANNULATED CANCELLOUS 4.5X70MM PARTIALLY THREADED IRENE # S56034570
SMO12112,SCREW CORTICAL S.STEEL 3.5X28MM IRINE# S50003528
MS-S-002466,SCREW LOCKING  3.5 X 38MM IRENE #T50093538
SMO11682,SCREW LOCKING 3.5X24MM IRINE# T50093524
MS-N-000808,NAIL ENDER TIBIAL 3.5 X 340MM TIPMED #058519
MS-M-000154,MASK NEONATAL NASAL  SIZE LARGE F/CPAP DRAGER.
MS-S-002490,SUTURE STRATAFIX KNOTLESS TISSUE CONTROL SIZE 1 TAPER POINT ETHICON #SXPD2B
SMD1106,ARM SLING STRAP MEDIUM SCOTT #1203-02/1204-DZ03
SMO4017,PLATE SMALL FRAGMENT AESCULAP #LN295S
MS-S-004347,SUTURE STRATAFIX KNOTLESS TISSUE CONTROL ETHICON #SXPP1A405
MS-S-005563,SUTURE ANCHOR WITH 2 TIGERTAIL BLUE/BLACK ARTHREX # AR-3603
MS-S-004044,SUTURE QUATRO X ANCHOR 5.5MM PRELOADED IMPLANT 2#2 FORCE FIBER SUTURE # CM-9255 / OR EQUIVALENT  SMI
SMI7947,STENT TAXUS DRUG ELUTING (ALL SIZES)
MS-T-000476,THERMOTRACE PERIPHERAL DRAGER#MX11001
MS-G-000273,GLOVES SURGICAL SIZE 7.5 STERILE LATEX FREE / POWDER FREE SEMPERMED #827056
MS-S-005216,SOLUTION AP-TEM S F/THROBOELASTOMETER TEM INNOVATION # 503-15-20
MS-C-000979,CLAMP FEMALE 2 HOLES TIPMED #041818
SMO1658,SCREW MALLELOUS 65MM AESCULAP #LA265S
SMO1631,SCREW CORTEX 4.5X20MM LONG HIPOKRT#400032220200/GPC#712.020
SMI1395,TRACH. VENT. PORTEX #100/570/015
SMI1396,OXY-VENT PORTEX #100/575/010
SMA1180,DIAPERS ADULT SIZE LARGE
MS-D-001003,DISSECTOR HL 4.2 MM ARTHREX # AR-6420DS
SMC1042,WOUND DRAINAGE CH16 MEDINORM #50-22-506E
SMH1354,SUTURE PROLENE 3/0 ETHICON #W8684/(#DW9422R)
SMH2582,SUTURE ETHIBOND 3/0 ETHICON #6558H/W6936
SMH1223,SUTURE VICRYL PLUS ANTIMICROBIAL 3/0 ETHICON #W9114/VCP311H
SMA0157,"STERISTRIP 1/4X4"" 3M  #1546"
SMA2261,SPONGE LAP PREWASHED DETECTABLE RING 45X45CM 12 PLY STER.
SMA1998,OPSITE WTRPROOF B/PROOF ADHE.DRES. 6.5X5CM #4463/20461/3582
MS-R-000174,ROD THREADED 50MM TIPMED #042228
SMT4274,CANNULA IV G26 POLYMED
MS-C-000299,CATHETER BALLOON SYMMETRY ALL SIZES.
SML63,"NEEDLE HYPO 25Gx5/8"" STERILE DISP.BD #5122/TERUMO NN #2516R"
MS-S-004099,SUTURE ANCHOR 5.0 S&N # 72200755 / ARTHREX. # AR-1920BNF
SMA1142,DRESSING HYPA.15CMX10M S&N#62-4211/MOLNLYCKE#311500/900604/1
MS-C-001463,CATHETER QUAD MULTI-CATH 4J 6FRX5MM BIOTRONIK#351185
SMD1355,NASAL PACK 8CM LONGx1.5CM THICKx2CM HIGH MEROCEL #440410
SMO11968,CAGE CERVICAL 6S IRINE# P06010006
SMI5239,CATHETER SECALON T W/FLOW SWITCH G18 VIGGO #1711-1
MS-E-000252,ECHELON ENDOPATH VASCULAR RELOAD WHITE 2.5MM ETHICON # VASECR35
MS-S-008722,SUTURE ANCHOR PEEK PUSHLOCK 2.9X15.5MM  . ARTHREX # AR-1923PS
MS-P-000564,PUMP INSULIN PARADIGM VEO SYSTEM MINIMED MEDTRONIC#670G
SMA657,"STERISTRIP 1.5X4"" #1547"
MS-B-001636,BALDE BANANA . ARTHREX # AR-6527-05
MS-S-008774,SCREW CORTICAL 2.7X28MM SELF TAPPING. IRENE # T50022728
MS-S-009667,SCREW CORTICAL SELF-TAPPING 2.0X10MM IRENE #T500020010 IRENE # T500020010
MS-S-004875,SCREW REDUCTION POLYAXIAL (NS3) SIZE 6.5x45MM IRINE #T04876545
MS-S-005562,SCREW REDUCTION POLYAXIAL  6.5 X 45MM IRINE # T04776545
SMO12002,SCREW CORTICAL TITANIUM 3.5X32MM IRINE# T50003532
MS-P-002514,"PATCH DURA SUBSTITUTE 2X2"" DUREPAIR MEDTRONIC # 61100"
MS-H-000333,HEAD 28MMX45MM BI-POLAR SELF CENTERING J&J # 1035-45-000
SMI1177,CATHETER TROCAR CHESTDRAIN 16CHX25CM ARGYLE  #8888-561035
SMI131,TUBE ENDOTRACH 7.0MM CUFFED MALINKRODT#107-70/100/199/070/112480MM7.0
SMO12243,WIRE KIRSCHNER 1.8X200/230/250/300MM IRINE# E06028
SMO2580,WIRE KIR.FLAT END TRO.1.0X150MM AESCULAP #LX110S/TREU#7-222
MS-W-000268,WIRE KIRSCHNER OLIVE 1.8 X 400MM TIPMED #080954
MS-W-000203,WIRE KIRSCHENER WITH TROCAR POINT 1.8X290MM TIPMED  #80268
SMA1102,DRESSING SURGICAL 9X25CM MOLNLYCKE#30514/671200-08
P15BLOOD2+,BLOOD PRESSURE MONITOR ( BEURER ) BM40
P15CONTO1+,CONTOUR TEST STRIPS X 50
SMQ1173,SYRINGE 3ML W/OUT NEEDLE STERILE BD #9586
P15CONTO5+,CONTOUR NEXT ONE METER X 1
S-B-00175,"BONE BLOCK TRICORTICAL MEDIUM (L 20X30MM) ,(W 15X18MM),(T1 , 7MM,(T2 , 4M. MEDTRONIC # T00210INT"
MS-S-003915,"SURGICAL HAEMOSTAT 4""X4"" ETHICON #2083"
MS-P-003745,PLATE RECONSTRUCTION STRAIGHT 4 HOLES X46 L. IRENE # S72000404
MS-F-000281,FIBER REUSABLE SLIMLINE 365 MICRON LUMENIS #0642-148-60
MS-D-000144,DRESSING MEBO 60 X 120MM JULPHAR #6291100087464
MS-B-001802,"BALLOON EXPANDABLE VIABAHN,DIFFERENT SIZES#GORE MEDICAL USA#BXAXXXX2E GORE # BXAXXXX2E"
SMI6047,TUBING PUMP SET F/ARTHROSCOPY ARTHREX #AR-6415
MS-T-000225,TUBE DRAINAGE SILICONE 24FR  BLAKE ETHICON#2234
SMJ011,ELECTRODE ECG PREGELLED ADULT STERILE DISP 3M #2222.
P15ACCU10+,ACCU-CHEK PERFORMA KIT X 1
MS-M-000245,MASK N95 NIOSH HEALTH CARE & SURGICAL PARTICULATE RESPIRATOR SIZE MEDIUM 3M
SME1364,MASK TRACHEOSTOMY ADULT
SMI1216,TUBE ENDOTRACH REINF.5.5 CUF.MALLINCK.#118-55/ 100/110/055
SMA1025,BANDAGE ELASTIC 7.5CMX4.5M TENSOPLAST#62-4058/D.#876151/8
MS-C-000289,CATHETER URETERAL OPEN END 6FR
SME1167,"SWAB GAUZE 10x10CMx2"" 12PLY PLAIN STERILE #2317"
MS-C-001495,CATHETER MICRO FINECROSS 0.014?
MS-R-000726,ROD PER-CUT 5.5X110 (TITANIUM ALLOY). SANYO # 61160110
MS-P-001945,PLATE LOCKING HUMERUS DISTAL MEDIAL 2.7/3.5 9 holes×136mm R
SMO11596,PLATE 5.0MM LCP DISTAL CONDY.BTRS. 5X18X158XL IRINE #A69070515
MS-P-002153,PLATE ADAPTION  MATRIXNEURO 20 HOLES 0.4MM PURE TITANIUM SYNTHES # 04.503.072
MS-P-003296,PLATE 5 HOLE STRAIGHT TITANIUM OSTEONIC#A2A.10050
MS-P-000622,"PLATE DHS 150 DEG.,4 HOLES,38MM  LONG BARREL S/STEEL TIPMED #032229"
MS-P-003706,PLATE CERVICAL (TI)18 SANYO # 61520002
SMO11586,SCREW LAG 7.0X110 F/LCP PROXIMAL FEMUR PLATE IRINE #T56037010
SML1548,"NEEDLE SPINAL 22Gx3.5"" STERILE BD #5181"
SMH2681,STAPLER CIRCULAR 33MM HEMORRHOIDS ETHICON #PPH03
MS-A-000154,ABLATOR 90DEG MULTI-PORT ASPIRATING ARTHREX #AR-9811
SMO3013,SCREW CORTEX 2.0MM DIA. SYNTHES #401.106
MS-S-002697,STENT URETERAL SET PEDIATRIC 3FR X 12CM BIOTEQ #BT-DJ-3012-210-CL
SMJ1674,FILTER VENTILATOR (BACTERIAL) GUARD INTERSURGICAL 194
SMO9804,AMPLATZER SEPTAL OCCLUDER 12MM AGA #9-ASD-012
MS-B-001220,BONE GRAFT 10CC PUTTY LIFENET # TPUT10
SME1417,GLOVES EXAMINATION LATEX SMALL NON STRILE
SME1419,GLOVES EXAMINATION LATEX LARGE NO STRILE
MS-N-001514,NEEDLE W/ FREE VALVE PORT ASSET MED # A1010
MS-C-000961,CATHETER SILICONE 24 FR. 3 WAY WITH HYDROPHILIC COATING  PORGES/COLOPLSET #XB6124
MS-B-001211,BLADE SHAVER 4.0MM X 13CM EXCALIBUR ARTHREX # AR-8400EX
MS-B-001224,BLADE SHAVER 4.0MM X 13CM DOUBLECUT ARTHREX # AR-8400DC
MS-P-002487,PLATE T-BUTTRESS 6 HOLES LARGES ORTHO SELECT# 6016-0-6006
SMO11543,PLATE 3.5MM LCP DISTAL HUMERUS 7X80 IRINE #A70990708
MS-R-001082,"RECHARGER INTELLIS RTM OUS LD22 FOR SPINAL CORD STIMULATION, (MEDTRONIC) # 97755"
MS-P-002495,PATCH NON-INVASIVE FOR SURGICAL SKIN CLOSURE SIZE 16CM ZIPLINE# PS1160
SME1416,"MASK NEONATAL F/CPAP, SMALL DRAGER#8418491"
MS-S-005658,SOLUTION HEMOFILTRATION F/CRRT MACHINE 5000ML BAG INFOMED#1EGED41
MS-W-000272,WASHER OVAL 16MM TIPMED #042785
MS-C-003749,CAP FLOW ART DISINFECTING F/ SWABABLE NEEDLE FREE VALVE ASSET MED # C101
MS-E-000578,EXTENTION PIECE RS 25MM PART FOR STEM.IMPLANTSCAST #67300025
MS-S-004512,SUTURE PDS 5/0 13MM X 70CM #W9201H/8886612221
SMH2437,SUTURE PDS II MONOFILOMENT 3/0 ETHICON #W9134T/Z316E
SMH2589,SUTURE PDS 7/0 ETHICON #Z1711E/W9095T
MS-B-001118,BURR OVAL 4.0MMX13CM ARTHREX # AR-84000BE
MS-S-005831,SCREW TAPERED PEEK 9MMX28MM WITH DISPOSABLE SHEATH ARTHREX # AR-5028P-09
MS-S-005823,SCREW 4.5X13T CANCELLOUS VARIABLE ANGLE SELF TAPPING IRENE # 60614513
MS-S-008326,SCREW CANNULATED CANCELLOUS 4.5X50MM PARTIALLY THREADED IRENE # S56034550
MS-S-009420,SCREW LOCKING VARIABLE 2.7X18MM HOLES TITANIUM. SANATMETAL # 260827118
MS-S-009431,SCREW LOCKING VARIABLE 2.7X16MM. SANATMETAL # 260827116
MS-S-000933,SCREW LOCKING 3.5x18MM SELF TAPPING IRENE
MS-S-000940,SCREW LOCKING 3.5x30MM SELF TAPPING IRENE #T500935030
MS-S-009419,SCREW LOCKING 2.7X22MM. SANATMETAL # 260827122
SMO11710,SCREW LOCKING 5X50MM IRINE #T50095050
MS-S-004459,SCREW INTERFERANCE BIOCOMPOSITE 9X28MM FULL THREAD #AR-1390TC
MS-S-002771,SCREW DHS 95MM IRENE #S67011295
MS-S-008283,SCREW LOCKING 1.5X12 OSTEONIC#A6.15120
MS-S-002770,SCREW DHS 90MM IRENE #S67011290
SMO12000,SCREW CORTICAL TITANIUM 3.5X28MM IRINE# T50003528
SMO10507,SCREW F/BONE LOCKING 3.8X22MM SANATMETAL #SAN-932138022
MS-S-005678,SCREW INTERFERENCE 8MM X 28MM PEEK WITH DISPOSABLE SHEATH ARTHREX # AR-5028P-08
MS-S-002464,SCREW LOCKING  3.5 X 32MM IRENE #T50093532
MS-S-008282,SCREW LOCKING 1.5X6 OSTEONIC#A6.10060
SMO11715,SCREW LOCKING 5X75MM IRINE# T50095075
SMO11708,SCREW LOCKING 5X46MM IRINE #T50095046
SMO10359,NAIL FEMORAL FWDA 12X380MM SANATMETAL #SAN-257312380
SMO10276,SCREW TROCHANTERIC SIZE 9X80MM SANATMETAL #SAN-254313080
MS-S-005527,SUTURE ANCHORE FIBERTAK 1.3MM ARTHREX # AR-3602
MS-S-005442,SUTURE ANCHOR 3.0MMX14.5MM BIOCOMPOSITE W/2 FIBERWIRE ARTHREX# AR-1934BCF
MS-G-000370,GRAFT TIBIALIS TENDON POSTERIOR  8.5 MM X 24 CM MTF # 400340
SME1321,GLOVES ORTHOPEDIC SIZE 8.5 PROFEEL (WRP) #P3385-35
MS-C-002093,CUP COMBI F/HIP SIZE 54 LINK # 182-001/54
MS-S-005214,SOLUTION IN-TEM S F/THROBOELASTOMETER TEM INNOVATION # 503-12-20
SMA1177,PAD MATERNITY LARGE NON-STERILE
MS-S-002034,"SPLINT NEMOA 4"" X 15"" T&L #NFO-4015"
MDMA19080476,NEBULISER IH18 (BEURER)
MS-C-002008,CATHETER DIAGNOSTICS JUDKINS  ALL SIZES
SMA1058,STOCKING ANTI-EMBOLISM THIGH LARGE S2 HARTMANN #997352/1
SMA1179,PAMPERS ADULT SIZE MEDIUM
MS-S-002229,SUTURE LASSO SD 45CM CURVE ARTHREX #AR-4068-45R
MS-S-005245,SENSOR F/ GLUCOS IPRO2 MONITORING DEVICE MEDTRONIC #ENLITE
SMH2800,TROCAR BLADELESS XCEL 5MM ETHICON #B5LT
SMH2798,TROCAR BLADELESS XCEL 12MM ETHICON #B12LT
SMD1026,BANDAGE POP GYPSONA 10CMX270CM #62-7072/91182/3323921
SMA1016,BANDAGE ELASTIC LENKELAST 10CM #50419462/19462
MS-C-003947,COMPONENT FOR PROXIMAL FEMUR RS MUTRAS METEAPHSEAL HA 40MM. IMPLANTCAST # 67304221
MS-R-000728,ROD PER-CUT 5.5X130 (TITANIUM ALLOY). SANYO # 61160130
SML1528,"SYRINGE INSULIN 1ML 100U 29GX0.5"" BD #324812"
MS-B-001198,BOLT LOCKING 20MMX95MMX95MM CEMENTLESS J&J # 1975-20-095
SMB1004,BLADE SURG. #11 CARBON STL.STER. DISP. MARTIN #10-155-11
SMC1068,COVER STERILE F/CAMERA 13X250CM KARL STORZ #538X/31401
MS-C-001754,CATHETER KIT BACTISEAL CODMAN #823072
SMH1276,SUTURE VICRYL 5/0 W9982 1/2 CIRCLE ROUND BODIED/D9/9105-21
MS-N-000694,NEEDLE FILTER BLUNT 18GX38MM BD#071-305211
MS-N-000498,NEEDLE SUREFIRE SCORPION ARTHREX #AR-13991N
SMY2564,"TAPE MEASURE DISP INFANT 24"" TRI-STATE #791"
MS-S-005829,STEM 14MMX140MM STRAIGHT DISTAL TAPERED J&J # 1976-14-140
SMO2012,WIRE KIRSCHNER 2.5MMX150MM RND END TROCAR AESCULAP LX145
SMO8973,WIRE-K 1.8MM/400MM ILLIJAROV #106-10-100-1840/400030501840
MS-B-001162,BUTTON DOG BONE ARTHREX # AR-2270
SMN1020,PROBE COVER F/THERMOMETER W.ALLYN #05031
SMI2008,DRAIN CHEST 2 BTL.SET STERILE DEKNATEL #A-8000/8888-571299
SMI1179,CATHETER TRO.CHESTDRAIN 28CHX40CM ARGYLE#8888-561068/211-28
SMR1272,BLADE DISP F/HAIR REMOVAL SHAVER 3M #9660
MS-S-005888,SUTURES TIGHTROPE ACL DOUBLE LOADED PASSING. ARTHREX # AR-1588RT-J
MS-D-000506,DRESSING GRASSOLIND STERILE 10X10CM P10 HARTMANN # 4993147
SMJ2064,ELECTROD F/HP NEONATAL MONITOR 3M #2269T
MS-S-005605,SUTURE KNOT 2-0 PUSHER/CUTTER FOR FIBERWIRE ARTHREX # AR-4515
SMO10255,SCREW F/BONE LOCK.6.5X75/32MM SANATMETAL #SAN-224065075
SMH2861,"SUTURE PDS PLUS 5-0,70CM ETHICON #PDP9073H"
SMN1003,NEBULIZER MISTY PEDIATRIC #64095/8906/1484
SMW5019,CAPILLARY TUBE F/BLOOD BAYER #473763
SMO3481,WIRE KIRS.FLAT END 1.8X150MM AESCULAP #LX118/GPC#PS912.018
SMO4873,WIRE KIR. 2.5MMX310MM TROCAR WATRACO #270670/GPC#PS912.025
SMO3480,WIRE KIR.1.6X150MM FLAT END TR.AESCULAP#LX116/GPC#PS912.016
SMO12247,WIRE KIRSCHNER 2X300MM IRINE# E06032
SMO3482,WIRE K.2.0X150MM TROCAR HIPOKRAT#400030702015/GPC#PS912.020
MM00331SFDAA00016,ACCU-CHEK FASTCLIX LANCET X 204.
MM00331SFDAA000,ACCU-CHEK PERFORMA KIT
MS-C-003482,CAGE CERVICAL 5X14X14 . SANYO # 61580514
P15CONTO4+,CONTOUR NEXT TEST STRIPS X 50
SMI9039,STENT URETRAL SET D.J 6FRX26CM MICROVASIVE #175-26
MS-V-000302,"VERTEBRAL CATHETER HYDROPHILIC IMPRESS BRAIDED 4F,100CMSIDEPORTS 0.38""(0.97MM)#MERIT#410038VER-H MER"
MS-I-000202,INTRODUCER SHEATH 4FR X 100CM FORTRESS REINFORCED BIOTRONIK #358815
SMA1099,DRESSING SURGICAL MEPORE STR.8X10CM HARTMANN#900 873 0/305-11
MS-E-000133,EYEPAD PHOTOTHERAPY W/ ADJUSTABLE BAND PREEMIE MAXTEC# EYEMAX2
MS-B-00121,BALLOON DRUG COATED LUTONIX CORONARY DCB DIFF. SIZES BARD #9020
SMA2262,DIAPER JUNIOR (5)  11-25KG.
P15TOUCH1+,TOUCHCARE MEDTRUM INSULIN PUMP (A7) SYSTEM X 1
SME1029,MASK FACE SURGEON BLUE SURGIKOS/TECNOL #48100-
MS-M-000332,MATTRESS FOR PATIENT BED CGM # 4519
SMI140,TUBE ENDOTRACH 8.0MM CUF.O/N SHERIDAN#5-10316/ 100/199/080/112480MM8.0
MS-C-003539,"CATHETER GUIDING OPEN ALL SIZES,4037553C#CORDIS CORDIS # 4037553C"
SML1527,TUBING PERFURSOR MACHINE B.BRAUN #8722960/JM-X2625-200
MS-C-001150,CATHETER  IVUS EAGLE EYE VOLCANO #85900PST
MS-O-000069,OSTEOCHONDRAL AUTO GRAFT TRANSFER SYSTEM (OATS) SIZE 10 MM #AR-1981-10S
SME1168,"SWAB GUAZE 5X5CMX2"" 8PLY PLAIN STERILE#2318/DAMAD #401806/6"
MS-P-002529,PLATE LOCKING RECONS CALVICLE 3.5MM 8 HOLE 123MM L IRENE # T725708123
MS-P-003705,PLATE CERVICAL (TI)20 . SANYO # 61520001
MS-K-000145,KIT FOR PLASMA EXCHANGE TPE CRRT MACHINE INFOMED # TU-304-26
SMA1041,BANDAGE DELTA ROLL 10CMX2.75MJJ#51693(S&N#66000466
SMO11819,SCREW PEDICLE MONOAXIAL 6X40MM IRINE# T04746040
SMI9096,STENT URETERAL DJ 4.6X26CM APPLIED MED #B3837
SMW0971,CONTAINER SPECIMEN 120ML W/COVER STERILE
SME1418,GLOVES EXAMINATION LATEX MEDIUM NON STRILE
SME1426,GLOVES SURGEON SIZE 7 STERILE POWDER FREE
SME1424,GLOVES SURGEON SIZE 8 STERILE POWDER FREE
SME1427,GLOVES SURGEON SIZE 6.5 STERILE POWDER FREE
SMI6078,TUBE ENDOTRACH SIZE 6 UNCUFFED SHERIDAN #5-10412
SMQ1023,SYRINGE 50/60ML W/O NEEDLE STERILE BD #9663
SMO1742,PLATE COMPRESSION BONE 6 HOLES SMALL AESCULAP LM106S
MS-C-005097,"CONTROLLER INTELLIS OUS L147, FOR SPINAL CORD STIMULATION, (MEDTRONIC) # 97745"
SMH2637,"ENDOPOUCH 11 SPEC.RETRIEVAL 4""X4""ETHICON#POUCH/AUTO 25030"
MS-L-000216,LOOP VASCULAR RED KEY SURGICAL #VL-201
MS-F-000280,FIBER REUSABLE SLIMLINE 200 MICRON LUMENIS #0626-221-60
MS-N-001420,NEUT ACETABULAR 36ID X 52OD JOH. & JOH. # 1221-36-052
MS-G-000687,GRAFT POSTERIOR TIBIALIS TENDON MIN. LENGTH DIAMETER 7.5 MM 230. LIFENET # FPOST.TIBIAL
MS-R-000529,ROD 5.5X100MM TI PREBENT CDH SOFAMOR DANEK # 8690100
MS-S-002454,SUTURE PDS II VIOLET  0-150CM  LOOP W/N #W9236T/GMM563L
MS-T-000852,TAPE SURGICAL OP 10X50CM HARTMANN #258-348-1
MS-T-000943,TAPE FIBER 2MM X 76CM BRAIDED POLYBEND BLUE ARTHREX # AR-7237-7
SMH1310,"SUTURE PDS II 1.5M,1/2 CIRCLE,VIOLET ETHICON #W9237T"
SMI1167,AIRWAY GUED.02 CHILD WHITE 70MM S.DISP#1-1504-70/038-91-920
SMI9122,BREATHING SET PEDIA1.6X10MM TUBE.5LTR BAG FLEXICARE#03802196
MS-L-000171,LIGASURE BLUNT TIP LAPAROSCOPIC 5MM-37CM COVIDIEN #LF1637
MS-S-009329,SCREW LOCKING 4.8X35MM IRENE # T40254835
SMO11703,SCREW LOCKING 5X36MM IRINE #T50095036
MS-S-002618,SCREW LOCKING 3.5X34MM IRINE #T50093534
SMO11688,SCREW LOCKING 3.5X45MM IRINE# T50093545
SMO12113,SCREW CORTICAL S.STEEL 3.5X30MM IRINE# S50003530
MS-S-004705,SCREW LOCKING 2.4×16MM SELF TAPPING IRENE #T50092416
MS-S-000939,SCREW LOCKING 3.5x28MM SELF TAPPING IRENE #T500935028
SMO1697,SCREW SPONGIOSA THOR.THR.30MM HIPO#400032270300/GPC#719.030
SMO11681,SCREW LOCKING 3.5X22MM IRINE# T50093522
MS-S-008275,SCREW CORTICAL 3.5MM OSTEONIC#S1F.35220
MS-S-008284,SCREW LOCKING 1.5X10 OSTEONIC#A6.15100
MS-S-005892,SCREW CORTICAL 2.8X14MM OSTEONIC#C5.28140
MS-N-001308,NAIL PROXIMAL FEMORAL STD 9X180MM. IRENE # T40040918
SMO10365,NAIL FEMORAL FWDA 9X380MM SANATMETAL #SAN-257309380
MS-M-000605,MASK AIRFIT MEDIUM SIZE F/ AUTOCPAP AIRSENSE 10 DEVICE RESMED #63406
SME1313,MASK LARYNGEAL DISPOSABLE SIZE 3 PORTEX #100/220/300
MS-S-009421,SCREW LOCKING VARIABLE 2.7X20MM HOLES TITANIUM. SANATMETAL # 260827120
SMO11999,SCREW CORTICAL TITANIUM 3.5X26MM IRINE# T50003526
MS-S-005795,SUTURE ANCHORE 4.5MM POPLOK WITH TWO NO. 2 CONMED LINVATEC # CKP-4502
MS-S-007870,SUTURE ANCHOR 4.5X24MM BIOCOMPOSITE PUSHLOCK. ARTHREX # AR-1922BC
MS-S-005799,STENT BIOMIME DES LONG LENGTH  MORPH DRUG ELUTIN ALL SIZES MERIL LIFE # BIO22513
SME1322,GLOVES ORTHOPEDIC SIZE 7.5 PROFEEL (WRP) #P3375-35
MS-M-000170,MASK FACE SILICONE REUSABLE SIZE 2 (LARGE INFANT)  DRAGER #2121034
MS-S-005218,SOLUTION HEP-TEM S F/THROBOELASTOMETER TEM INNOVATION # 503-19-20
MS-S-005220,SOLUTION ROTROL P F/THROBOELASTOMETER TEM INNOVATION # 503-25
MS-M-000243,MATTRESS AIR INFLATABLE WITH PUMP 110/220V APEX
SMI1126,SET ADMN DOSIFIX PEDIA 150ML SPAIN #403701/4 /DFP-87-F
MS-R-001017,Medtrum Nano RESERVOIR PATCH
SMT1017,CANNULA IV VENFLON G24 #1004
SMC48,CUP MEDICINE 1 OZ
SMI6066,TRANSDUCER SINGLE KIT DISP.BD #682002
SMC1040,WOUND DRAINAGE CH12 MEDINORM #50-11-504/50-22-504E
FMORW-0129,UNIVERSAL KNEE IMMOBILIZE
SMH1269,SUTURE SILK ETHICON #W334/D&G #1123-61
MS-B-000542,BALLOON DILATOR URETERAL 5FR X 70CM GEOTEK #GUD-05
MS-I-000156,INTRODUCER FORTRESS REINFORCES 4FR PRE-CURVED BIOTRONIC#358813
SMG1003,"SURGICAL HAEMOSTAT 4X8"""" #1952 / 1912"
MS-R-000222,ROD THREADED 100MM TIPMED #042242
MS-B-001098,BONE GRAFT CANCELLOUS  4-10MM SOFAMOR # PCAN15410
SMH2454,SUTURE ETHIBOND ETHICON #W4843
SMH1607,LINEAR CUTTER  55MM ETHICON #TCR55
MS-C-001711,CRTD ITREVIA 5 HF-T-QP PRO MRI BIOTRONIK # 402657
SMO10303,SCREW F/BONE LOCKING 4.8X46MM SANATMETAL #SAN-932148046
MS-S-005794,SUTURE 2 FIBER WIRE W/REVERSE CUTTING NEEDLE BLUE. ARTHREX # AR-7202
MS-U-000038,UNDERWEAR  DISPOSABLE F/ OR PATIENT LARGE SIZE KIMBERLY CLARK#E3030
P16D.ABDO2+,"DEROYAL ABDOMINAL BINDER-8IN. HIGHT, (WAIST CIRC.44 -50). X-LARGE  X 1 (#13530008)"
SML542,SET INFUSION INTRAFIX B/BRAUN #402962/3 (JM-S2407)
SMI1932,DRAIN CHEST 1 BOTTLE STERILE 2000CC #8884-713100
SMH2746,SUTURE NYLON TAPE 6X70MM ETHICON #W277
MS-S-003923,SPONGE SOAPY LUMERO SPONGITA HYPOALLERGENIC BUILT SHEET  F/PATIENT HYGIENE
SMB1338,KNIFE MICRO OPTHAL.30 D.STRAI.STEPHENS#R-3000/EAGLE#EL-7531
SMI9055,"CATHETER PREMICATH 28G, 1FR W/STYLET VYGON #1261-203"
MS-R-000535,ROPE TIGHT ABS W/OUT BUTTON ARTHREX # AR-1588TN
MS-B-000310,BUTTON XO WITH 20MM CONTINUOUS LOOP LINVATEC #T5020
MS-S-005770,STEM SP-CL LEFT SIZE 10 LINK # 177-229/26
SMO11986,SCREW CORTICAL TITANIUM 2.7X12MM IRINE# T50002712
MS-H-000334,HEAD FEMORAL 28MM +12 TAPER J&J # 1365-14-000
MS-H-000115,HUMERAL STEM 7MM X 130MM S/STEEL TIPMED #018964
MS-S-00062,STENT EPIC SELF EXPANDABLE NITINOL ALL SIZES
SME1371,SWAB GAUZE 10X10CM 8 PLY PLAIN STERILE #3342-B
MS-W-000324,WIRE PRESSURE PRESTIGE  VOLCANO #91852
SMO12237,WIRE KIRSCHNER 1.2X120/150MM IRINE# E06022
SMI5966,WIRE G.0.35/150CM JTIP MEDI#007042/J3FC 150-035/BS#SCH30025
SMO3479,WIRE KIRS.ROUND 1.4X150MM AESCULAP #LX114/GPC#PS912.014
MDMA19060361,ACCU-CHEK SOFTCLIX LANCETS X 200
MS-C-003479,CAGE CERVICAL 4X14X12 . SANYO # 61580412
MS-M-000277,MESH TITANIUM 16x90MM IRENE #T04091690
MS-R-000432,ROD TITANIUM (NS3).SIZE 6.35x100 IRINE #T04815100
MS-P-002519,PROBE SURGEON CONTROLLED MEDTRONIC # SPK1004 MEDTRONIC # SPK1004
SMB1024,SCALPEL BLADE #11 W/HANDLE STERILE DISP
SMI8908,EXTRACTOR MUCUS 10FR STERILE PHASCO #G5010/ME6101
SMH1035,"SCALP VEIN SET G23x3/4"" BUTTERFLY STERILE #404766/4"
MS-S-004455,SCREW INTERFERANCE BIOCOMPOSITE 7X23MM #AR-1370C
SMA1098,DRESSING SURG.MEPORE STR.6X7CM MOLN.#670800/L#30510/9008700
SML1684,NEEDLE WALL ANGIOGRAPHIC 18G CORDIS #502-652/18T71WS
MS-S-00232,STENT GRAFT ENDURANT SYSTEM 16/13/95MM MEDTRONIC#ENLW16113C95E
MS-R-000307,ROPE TIGHT ACL # AR-1588RT
SMB1014,BLADE SKIN GRAFT KNIFE #HG-215-01-Q/KNI-3680
SMA1012,DIAPER INFANT 1/SMALL BOY (3-6 KG)
SMY1282,SITZ BATH PORTABLE #71225/D80100T
SML1547,NEEDLE SPINAL G20X3.5 TERUMO #SN*2090
SMH1413,"TAPE DURAPORE DERMICEL 1""X10YDS 3M #1538-1"
MS-T-001635,Thoracic Endoprosthesis Vascular Graft Gore TAG Conformable 45mmx20cm
SMI6534,TUBE TRACH.SHILEY SIZE 6 W/CUF
MS-H-000638,HEAD MODULAR W/VARIABLE OFFSET VERSA-DIAL SHOULDER STSYTEM.BIOMET #113046
MS-H-000584,HUMERUS FRACT STEM COMPR 12MM PPS BIOMET # 12-113562
MS-K-000129,KIT STIMULAN 10CC W. PAST BIOCOMPOSITES # 600-010
SMO11559,PLATE T 3.5 MM LCP SMALL 4X60XR IRINE # A68080462
MS-P-001020,PLATE RECONSTRUCTION  3.5 X 10 HOLES IRENE #S72001011
SMI1670,CATHETER DUAL LUMEN PERM QUINTON #8817-749001
SME1132,"DRAPE EMBOSSED PLASTIC OPHTHALMIC 40x50"" VISITEC #1071"
SMI9040,STENT URETRAL D.J 6FRX28CM MICROVASIVE #175-264-05
SMI8608,DILATOR URETER SET 6-16 FR. RUSCH #341000
SME1423,GLOVES SURGEON SIZE 7.5 STERILE POWDER FREE
SME1030,CAP NURSE BOUFFANT ROUND GREEN LARGE J&J #4221
SMI1712,TUBE ROBERTSHAW 35F RIGHT BRONCHUS RUSCH #1116200-350
MS-B-000917,BLADE SHAVER BURR 5.0MMx13CM OVAL 8FLUTE ARTHREX #AR-8500OBE
MS-P-000511,PLATE PHALANGEAL 8HOLESX18 LENGTHX L/R A77050818
SMO11555,"PLATE ""T"" 3.5MM LCP SMALL 5X72XL/R IRINE #A68090572"
MS-P-002494,PATCH NON-INVASIVE FOR SURGICAL SKIN CLOSURE SIZE 8CM ZIPLINE# PS2080
MS-W-000275,WASHER SLOTTED 14MM TIPMED #042730
MS-R-000412,ROD TITANIUM 5.5 X 70MM SOFAMOR #8690070
SMI9108,TUBE BREATHING SYSTEM  HEATED VENSTAR NEONATAL DRAGER MP # 00308
MS-P-006096,"PACEMAKER SYSTEM TRANSCATHETER, MICRA™ AV1,(MEDTRONIC) # MC1AVR1"
SMH1228,SUTURE VICRYL PLUS ANTIMICROBIAL 2/0 ETHICON #W9150/VCP351H
SMH2848,SUTURE PDS II 4/0 ROUND BODIED ETHICON #W9077H
SMH2651,STAPLER PROTACK 5MM DISP.AUTOSUTURE #174006.
MS-S-011523,STENT AORTIC STENT ILIAC PARALLEL D SHAPE PROXIMAL W/ BUTTOM UP SET LOMBARD
SMI5357,AIRWAY NASOPHARYNGEAL SIZE 8 PORTEX #100/210/080
SMO11689,SCREW LOCKING 3.5X50MM IRINE# T50093550
SMO11987,SCREW CORTICAL TITANIUM 2.7X14MM IRINE# T50002714
MS-S-009840,SCREW LOCKING VORTEX  2.7X12MM TITANIUM ANGLE VARAIBLE . SANATMETAL # 260827112
SMO12106,SCREW CORTICAL S.STEEL 3.5X16MM IRINE# S50003516
MS-S-004691,SCREW LOCKING 2.7×26MM SELF TAPPING IRENE #T50092726
MS-S-008274,SCREW LOCKING 2.8MM OSTEONIC#S1H.37450
SMO11717,SCREW LOCKING 5X85MM IRINE #T50095085
MS-S-005450,SCREW CORTICAL 4.5x36MM BONE SELF TAPPING SANATMETAL# 930545036
SMO3014,SCREW CORTEX 2.0MM DIA.X 8MM LN. SYNTHES#401.108
SMO11683,SCREW LOCKING 3.5X26MM IRINE# T50093526
MS-S-005886,SCREW LOCKING 2.4MMX18MM VARIABLE ANGLE OSTEONIC#B1G.24180
SMO11704,SCREW LOCKING 5X38MM IRINE# T50095038
MS-S-005815,SCREW VARIABLE 4.0X15T ANGLE SELF DRILLING IRENE # 60612415
MS-S-008285,SCREW 1.5X8 CORTICAL OSTEONIC#A5.15080
SMO11678,SCREW LOCKING 3.5X16MM IRINE# T50093516
MS-L-000108,LOOP CRANIAL FOR CRANIAL FIXATION NEOS #FC050000
SMO4165,DRILL BIT 2.5MM DIA. LENGTH 110/85 SYNTHES #310.25
SME1312,MASK LARYNGEAL DISPOSABLE SIZE 2.5 PORTEX #100/205
SME1337,MASK LARYNGEAL SIZE 4 DISPOSABLE PORTEX#100/220/400
SME1430,MASK LARYNGEAL DISPOSABLE SIZE1.5 FLEXICARE#038-94-315
MS-S-005653,"SUTURE ANCHOR  2.8 MM Y-KNOT . W/TOW  HI-FI , DRILL CONMED # YRC02"
SMO10473,NAIL TIBIA-TWX TITA.  8X360MM SANATMETAL #SAN-297208360
SMA1145,CHUBS BABY WIPES 72 PULLS.
MS-S-001452,SUTURE ENDO GIA 60MM ARTICULATING MEDIUM THICK COVIDIEN #EGIA60AMT
SML2059,SYRINGE INSULIN RESERVOIR 3ML
