CAR-0009,CAR-0009.1
CAR-0012,CAR-0012
CAR-0017,CAR-0017
DNT-0001,DNT-0001
DNT-0002,DNT-0002
DNT-0003,DNT-0003
DNT-0004,DNT-0004
DNT-0005,DNT-0005
DNT-0006,DNT-0006
DNT-0007,DNT-0007
DNT-0008,DNT-0008
DNT-0009,DNT-0009
DNT-0010,DNT-0010
DNT-0011,DNT-0011
DNT-0012,DNT-0012
DNT-0013,DNT-0013
DNT-0016,DNT-0016
DNT-0017,DNT-0017
DNT-0018,DNT-0018
DNT-0019,DNT-0019
DNT-0020,DNT-0020
DNT-0021,DNT-0021
DNT-0022,DNT-0022
DNT-0023,DNT-0023
DNT-0024,DNT-0024
DNT-0025,DNT-0025
DNT-0026,DNT-0026
DNT-0027,DNT-0027
DNT-0028,DNT-0028
DNT-0029,DNT-0029
DNT-0030,DNT-0030
DNT-0031,DNT-0031
DNT-0032,DNT-0032
DNT-0033,DNT-0033
DNT-0034,DNT-0034
DNT-0035,DNT-0035
DNT-0036,DNT-0036
DNT-0037,DNT-0037
DNT-0038,DNT-0038
DNT-0039,DNT-0039
DNT-0040,DNT-0040
DNT-0042,DNT-0042
DNT-0043,DNT-0043
ENT-0007,ENT-0007
ENT-0012,ENT-0012
ENT-0034,ENT-0034
ENT-0038,ENT-0038
ENT-0039,ENT-0039
EXDER-0009,EXDER-0009
EXDER-0010,EXDER-0010
EXDER-0011,EXDER-0011
EXDER-0012,EXDER-0012
FMANA-0014,FMANA-0014
FMANA-0031,FMANA-0031
FMANA-0032,FMANA-0032
FMANA-0062,FMANA-0062
FMCAR-0002,FMCAR-0002
FMCAR-0003,FMCAR-0003
FMCAR-0004,FMCAR-0004
FMCAR-0005,FMCAR-0005
FMCAR-0006,FMCAR-0006
FMCAR-0007,FMCAR-0007
FMCAR-0010,FMCAR-0010
FMCAR-0013,FMCAR-0013
FMCAR-0018,FMCAR-0018
FMCAR-0020,FMCAR-0020
FMCAR-1000,FMCAR-1000
FMCARS0001,FMCARS0001
FMCARS0006,FMCARS0006
FMCARS0008,FMCARS0008
FMCARS0009,FMCARS0009
FMCARS0012,FMCARS0012
FMCARS0014,FMCARS0014
FMCARS0021,FMCARS0021
FMCARS0022,FMCARS0022
FMCARS0025,FMCARS0025
FMCARS0033,FMCARS0033
FMCAT-0006,FMCAT-0006
FMCAT-0044,FMCAT-0044
FMCAT-0045,FMCAT-0045
FMCTS-0009,FMCTS-0009
FMCTS-0010,FMCTS-0010
FMCTSS0019,FMCTSS0019
FMDER-0002,FMDER-0002
FMDER-0003,FMDER-0003
FMDER-0004,FMDER-0004
FMDER-0008,FMDER-0008
FMDER-0009,FMDER-0009
FMDER-0010,FMDER-0010
FMDER-0012,FMDER-0012
FMDER-0014,FMDER-0014
FMDER-0016,FMDER-0016
FMDER-0020,FMDER-0020
FMDER-0022,FMDER-0022
FMDER-0023,FMDER-0023
FMDER-0024,FMDER-0024
FMDER-0026,FMDER-0026
FMDER-0027,FMDER-0027
FMDER-0028,FMDER-0028
FMDER-0029,FMDER-0029
FMDER-0031,FMDER-0031
FMDER-0032,FMDER-0032
FMDER-0034,FMDER-0034
FMDER-0035,FMDER-0035
FMDER-0036,FMDER-0036
FMDER-0041,FMDER-0041
FMDER-0042,FMDER-0042
FMDER-0043,FMDER-0043
FMDER-0044,FMDER-0044
FMDER-0045,FMDER-0045
FMDER-0046,FMDER-0046
FMDER-0048,FMDER-0048
FMDER-0049,FMDER-0049
FMDER-0050,FMDER-0050
FMDER-0053,FMDER-0053
FMDER-0054,FMDER-0054
FMDER-0055,FMDER-0055
FMDER-0056,FMDER-0056
FMDER-0061,FMDER-0061
FMDER-0062,FMDER-0062
FMDER-0063,FMDER-0063
FMDER-0064,FMDER-0064
FMDER-0065,FMDER-0065
FMDER-0067,FMDER-0067
FMDER-0069,FMDER-0069
FMDER-0075,FMDER-0075
FMDER-0079,FMDER-0079
FMDER-0080,FMDER-0080
FMDER-0081,FMDER-0081
FMDER-0082,FMDER-0082
FMDER-0083,FMDER-0083
FMDER-0084,FMDER-0084
FMDER-0085,FMDER-0085
FMDER-0089,FMDER-0089
FMDER-0090,FMDER-0090
FMDER-0091,FMDER-0091
FMDER-0092,FMDER-0092
FMDER-0094,FMDER-0094
FMDER-0096,FMDER-0096
FMDER-0100,FMDER-0100
FMDER-0106,FMDER-0106
FMDER-0111,FMDER-0111
FMDER-0112,FMDER-0112
FMDER-0113,FMDER-0113
FMDER-0114,FMDER-0114
FMDER-0115,FMDER-0115
FMDER-0116,FMDER-0116
FMDER-0117,FMDER-0117
FMDER-0118,FMDER-0118
FMDER-0119,FMDER-0119
FMDER-0120,FMDER-0120
FMDER-0121,FMDER-0121
FMDER-0123,FMDER-0123
FMDER-0124,FMDER-0124
FMDER-0126,FMDER-0126
FMDER-0130,FMDER-0130
FMDER-0131,FMDER-0131
FMDER-0132,FMDER-0132
FMDER-0133,FMDER-0133
FMDER-0134,FMDER-0134
FMDER-0135,FMDER-0135
FMDER-0138,FMDER-0138
FMDER-0139,FMDER-0139
FMDER-0140,FMDER-0140
FMDER-0141,FMDER-0141
FMDER-0142,FMDER-0142
FMDER-0143,FMDER-0143
FMDER-0144,FMDER-0144
FMDER-0145,FMDER-0145
FMDER-0146,FMDER-0146
FMDER-0147,FMDER-0147
FMDER-0148,FMDER-0148
FMDER-0149,FMDER-0149
FMDER-0150,FMDER-0150
FMDER-0151,FMDER-0151
FMDER-0152,FMDER-0152
FMDER-0153,FMDER-0153
FMDER-0154,FMDER-0154
FMDER-0155,FMDER-0155
FMDER-0157,FMDER-0157
FMDER-0158,FMDER-0158
FMDER-0159,FMDER-0159
FMDER-0160,FMDER-0160
FMDER-0161,FMDER-0161
FMDER-0162,FMDER-0162
FMDER-0163,FMDER-0163
FMDER-0164,FMDER-0164
FMDER-0165,FMDER-0165
FMDER-0166,FMDER-0166
FMDER-0167,FMDER-0167
FMDER-0168,FMDER-0168
FMDER-0170,FMDER-0170
FMDER-0171,FMDER-0171
FMDER-0173,FMDER-0173
FMDER-0174,FMDER-0174
FMDER-0175,FMDER-0175
FMDER-0176,FMDER-0176
FMDER-0177,FMDER-0177
FMDER-0178,FMDER-0178
FMDER-0182,FMDER-0182
FMDER-0184,FMDER-0184
FMDER-0186,FMDER-0186
FMDER-0193,FMDER-0193
FMDER-0195,FMDER-0195
FMDER-0196,FMDER-0196
FMDER-0197,FMDER-0197
FMDER-0198,FMDER-0198
FMDER-0200,FMDER-0200
FMDER-0201,FMDER-0201
FMDER-0203,FMDER-0203
FMDER-0208,FMDER-0208
FMDER-0210,FMDER-0210
FMDER-0211,FMDER-0211
FMDER-0212,FMDER-0212
FMDER-0214,FMDER-0214
FMDER-0218,FMDER-0218
FMDER-0228,FMDER-0228
FMDER-0230,FMDER-0230
FMDER-0232,FMDER-0232
FMDER-0237,FMDER-0237
FMDER-0238,FMDER-0238
FMDER-0239,FMDER-0239
FMDER-0240,FMDER-0240
FMDER-0241,FMDER-0241
FMDER-0244,FMDER-0244
FMDER-0260,FMDER-0260
FMDER-0261,FMDER-0261
FMDER-0262,FMDER-0262
FMDER-0263,FMDER-0263
FMDER-0264,FMDER-0264
FMDER-0265,FMDER-0265
FMDER-0280,FMDER-0280
FMDER-0281,FMDER-0281
FMDER-0282,FMDER-0282
FMDER-1000,FMDER-1000
FMDER-4003,FMDER-4003
FMDNL-0007,FMDNL-0007
FMDNL-0019,FMDNL-0019
FMDNL-0020,FMDNL-0020
FMDNL-0021,FMDNL-0021
FMDNL-0026,FMDNL-0026
FMDNL-0027,FMDNL-0027
FMDNL-0031,FMDNL-0031
FMDNL-0033,FMDNL-0033
FMDNL-0035,FMDNL-0035
FMDNL-0036,FMDNL-0036
FMDNL-0037,FMDNL-0037
FMDNL-0038,FMDNL-0038
FMDNL-0039,FMDNL-0039
FMDNL-0040,FMDNL-0040
FMDNL-0044,FMDNL-0044
FMDNL-0045,FMDNL-0045
FMDNL-0047,FMDNL-0047
FMDNL-0050,FMDNL-0050
FMDNL-0053,FMDNL-0053
FMDNT-1001,FMDNT-1001
FMDNT-2000,FMDNT-2000
FMDNTC0004,FMDNTC0004
FMDNTC0005,FMDNTC0005
FMDNTC0006,FMDNTC0006
FMDNTC0007,FMDNTC0007
FMDNTC0017,FMDNTC0017
FMDNTC0018,FMDNTC0018
FMDNTC0020,FMDNTC0020
FMDNTC0021,FMDNTC0021
FMDNTC0024,FMDNTC0024
FMDNTC0025,FMDNTC0025
FMDNTC0026,FMDNTC0026
FMDNTC0028,FMDNTC0028
FMDNTC0029,FMDNTC0029
FMDNTC0030,FMDNTC0030
FMDNTC0035,FMDNTC0035
FMDNTC0036,FMDNTC0036
FMDNTC0037,FMDNTC0037
FMDNTC0040,FMDNTC0040
FMDNTC0041,FMDNTC0041
FMDNTC0047,FMDNTC0047
FMDNTC0056,FMDNTC0056
FMDNTC0057,FMDNTC0057
FMDNTC0058,FMDNTC0058
FMDNTC0059,FMDNTC0059
FMDNTC0060,FMDNTC0060
FMDNTC0086,FMDNTC0086
FMDNTF0001,FMDNTF0001
FMDNTF0002,FMDNTF0002
FMDNTF0003,FMDNTF0003
FMDNTF0004,FMDNTF0004
FMDNTF0005,FMDNTF0005
FMDNTF0006,FMDNTF0006
FMDNTF0007,FMDNTF0007
FMDNTF0008,FMDNTF0008
FMDNTF0009,FMDNTF0009
FMDNTF0010,FMDNTF0010
FMDNTF0011,FMDNTF0011
FMDNTF0012,FMDNTF0012
FMDNTF0013,FMDNTF0013
FMDNTF0014,FMDNTF0014
FMDNTF0015,FMDNTF0015
FMDNTF0016,FMDNTF0016
FMDNTF0018,FMDNTF0018
FMDNTF0019,FMDNTF0019
FMDNTM0001,FMDNTM0001
FMDNTM0002,FMDNTM0002
FMDNTM0003,FMDNTM0003
FMDNTM0004,FMDNTM0004
FMDNTM0005,FMDNTM0005
FMDNTM0006,FMDNTM0006
FMDNTM0007,FMDNTM0007
FMDNTM0008,FMDNTM0008
FMDNTM0009,FMDNTM0009
FMDNTM0010,FMDNTM0010
FMDNTM0012,FMDNTM0012
FMDNTM0013,FMDNTM0013
FMDNTM0014,FMDNTM0014
FMDNTM0015,FMDNTM0015
FMDNTM0016,FMDNTM0016
FMDNTM0017,FMDNTM0017
FMDNTM0018,FMDNTM0018
FMDNTM0019,FMDNTM0019
FMDNTM0020,FMDNTM0020
FMDNTM0021,FMDNTM0021
FMDNTM0022,FMDNTM0022
FMDNTO0002,FMDNTO0002
FMDNTO0004,FMDNTO0004
FMDNTO0005,FMDNTO0005
FMDNTO0009,FMDNTO0009
FMDNTO0013,FMDNTO0013
FMDNTO0017,FMDNTO0017
FMDNTO0021,FMDNTO0021
FMDNTO0025,FMDNTO0025
FMDNTO0029,FMDNTO0029
FMDNTO0030,FMDNTO0030
FMDNTO0034,FMDNTO0034
FMDNTP0001,FMDNTP0001
FMDNTP0002,FMDNTP0002
FMDNTP0003,FMDNTP0003
FMDNTP0005,FMDNTP0005
FMDNTP0006,FMDNTP0006
FMDNTP0007,FMDNTP0007
FMDNTP0008,FMDNTP0008
FMDNTP0009,FMDNTP0009
FMDNTP0010,FMDNTP0010
fmdntp0011,FMDNTP0011
FMDNTP0012,FMDNTP0012
FMDNTP0013,FMDNTP0013
FMDNTP0014,FMDNTP0014
FMDNTP0015,FMDNTP0015
FMDNTP0016,FMDNTP0016
FMDNTP0020,FMDNTP0020
FMDNTP0021,FMDNTP0021
FMDNTP0022,FMDNTP0022
FMDNTP0023,FMDNTP0023
FMDNTP0025,FMDNTP0025
FMDNTP0026,FMDNTP0026
FMDNTP0027,FMDNTP0027
FMDNTP0028,FMDNTP0028
FMDNTP0029,FMDNTP0029
FMDNTP0030,FMDNTP0030
FMDNTP0031,FMDNTP0031
FMDNTP0032,FMDNTP0032
FMDNTP0033,FMDNTP0033
FMDNTP0034,FMDNTP0034
FMDNTP0035,FMDNTP0035
FMDNTP0036,FMDNTP0036
FMDNTP0037,FMDNTP0037
FMDNTP0038,FMDNTP0038
FMDNTP0039,FMDNTP0039
FMDNTP0040,FMDNTP0040
FMDNTP0041,FMDNTP0041
FMDNTP0042,FMDNTP0042
FMDNTP0043,FMDNTP0043
FMDNTP0044,FMDNTP0044
FMDNTP0045,FMDNTP0045
FMDNTP0046,FMDNTP0046
FMDNTP0047,FMDNTP0047
FMDNTP0048,FMDNTP0048
FMDNTP0049,FMDNTP0049
FMDNTP0050,FMDNTP0050
FMDNTP0051,FMDNTP0051
FMDNTP0052,FMDNTP0052
FMDNTP0053,FMDNTP0053
FMDNTP0055,FMDNTP0055
FMDNTP0058,FMDNTP0058
FMDNTP0060,FMDNTP0060
FMDNTP0061,FMDNTP0061
FMDNTP0062,FMDNTP0062
FMDNTP0063,FMDNTP0063
FMDNTP0064,FMDNTP0064
FMDNTP0065,FMDNTP0065
FMDNTP0066,FMDNTP0066
FMDNTP0067,FMDNTP0067
FMDNTP0068,FMDNTP0068
FMDNTP0069,FMDNTP0069
FMDNTP0070,FMDNTP0070
FMDNTP0071,FMDNTP0071
FMDNTP0072,FMDNTP0072
FMDNTP0073,FMDNTP0073
FMDNTP0074,FMDNTP0074
FMDNTP0075,FMDNTP0075
FMDNTP0076,FMDNTP0076
FMDNTP0077,FMDNTP0077
FMDNTP0078,FMDNTP0078
FMDNTP0079,FMDNTP0079
FMDNTP0080,FMDNTP0080
FMDNTP0081,FMDNTP0081
FMDNTP0082,FMDNTP0082
FMDNTP0083,FMDNTP0083
FMDNTP0084,FMDNTP0084
FMDNTP0085,FMDNTP0085
FMDNTP0086,FMDNTP0086
FMDNTP0087,FMDNTP0087
FMDNTP0088,FMDNTP0088
FMDNTP0089,FMDNTP0089
FMDNTP0090,FMDNTP0090
FMDNTP0091,FMDNTP0091
FMDNTR0001,FMDNTR0001
FMDNTR0002,FMDNTR0002
FMDNTR0003,FMDNTR0003
FMDNTR0004,FMDNTR0004
FMDNTR0005,FMDNTR0005
FMDNTR0006,FMDNTR0006
FMDNTR0007,FMDNTR0007
FMDNTR0008,FMDNTR0008
FMDNTR0009,FMDNTR0009
FMDNTR0010,FMDNTR0010
FMDNTR0011,FMDNTR0011
FMDNTR0012,FMDNTR0012
FMDNTR0013,FMDNTR0013
FMDNTS0002,FMDNTS0002
FMDNTS0003,FMDNTS0003
FMDNTS0004,FMDNTS0004
FMDNTS0005,FMDNTS0005
FMDNTS0006,FMDNTS0006
FMDNTS0007,FMDNTS0007
FMDNTS0008,FMDNTS0008
FMDNTS0009,FMDNTS0009
FMDNTS0010,FMDNTS0010
FMDNTS0011,FMDNTS0011
FMDNTS0012,FMDNTS0012
FMDNTS0013,FMDNTS0013
FMDNTS0015,FMDNTS0015
FMDNTS0016,FMDNTS0016
FMDNTS0017,FMDNTS0017
FMDNTS0021,FMDNTS0021
FMDNTS0022,FMDNTS0022
FMDNTS0023,FMDNTS0023
FMDNTS0024,FMDNTS0024
FMDNTS0025,FMDNTS0025
FMDNTS0026,FMDNTS0026
FMDNTS0027,FMDNTS0027
FMDNTS0028,FMDNTS0028
FMDNTS0029,FMDNTS0029
FMDNTS0032,FMDNTS0032
FMDNTS0033,FMDNTS0033
FMDNTS0037,FMDNTS0037
FMDNTS0042,FMDNTS0042
FMDNTS0044,FMDNTS0044
FMDNTS0049,FMDNTS0049
FMDNTS0050,FMDNTS0050
FMDNTS0058,FMDNTS0058
FMDNTS0060,FMDNTS0060
FMDNTS0064,FMDNTS0064
FMDNTS0067,FMDNTS0067
FMDNTS0070,FMDNTS0070
FMDNTS0072,FMDNTS0072
FMDNTS0073,FMDNTS0073
FMDNTS0074,FMDNTS0074
FMDNTS0075,FMDNTS0075
FMDNTS0076,FMDNTS0076
FMDNTS0077,FMDNTS0077
FMDNTS0080,FMDNTS0080
FMDNTS0081,FMDNTS0081
FMDNTS0082,FMDNTS0082
FMDNTS0083,FMDNTS0083
FMDNTS0090,FMDNTS0090
FMDNTS0091,FMDNTS0091
FMDNTS0092,FMDNTS0092
FMDNTS0094,FMDNTS0094
FMDNTS0097,FMDNTS0097
FMDNTS0099,FMDNTS0099
FMDNTS0100,FMDNTS0100
FMDNTS0110,FMDNTS0110
FMDNTS0114,FMDNTS0114
FMDNTS0115,FMDNTS0115
FMDNTS0116,FMDNTS0116
FMDNTS0117,FMDNTS0117
FMDNTS0122,FMDNTS0122
FMDNTS0123,FMDNTS0123
FMDNTS0125,FMDNTS0125
FMDNTS0126,FMDNTS0126
FMDNTS0127,FMDNTS0127
FMDNTS0129,FMDNTS0129
FMDNTS0135,FMDNTS0135
FMDNTS0136,FMDNTS0136
FMDNTS0160,FMDNTS0160
FMDNTS0178,FMDNTS0178
FMDNTS0179,FMDNTS0179
FMDNTS0180,FMDNTS0180
FMDNTS0181,FMDNTS0181
FMDNTS0182,FMDNTS0182
FMDNTS0183,FMDNTS0183
FMDNTS0184,FMDNTS0184
FMDNTS0185,FMDNTS0185
FMDNTS0186,FMDNTS0186
FMDNTS0189,FMDNTS0189
FMDNTS0190,FMDNTS0190
FMDNTS0192,FMDNTS0192
FMDNTS0193,FMDNTS0193
FMDNTS0194,FMDNTS0194
FMDNTS0195,FMDNTS0195
FMDNTS0196,FMDNTS0196
FMDNTS0197,FMDNTS0197
FMDNTS0214,FMDNTS0214
FMDNTS0235,FMDNTS0235
FMDNTS0236,FMDNTS0236
FMDNTS0256,FMDNTS0256
FMDNTS0279,FMDNTS0279
FMDNTS0296,FMDNTS0296
FMDNTS0297,FMDNTS0297
FMDNTS0298,FMDNTS0298
FMDNTS0314,FMDNTS0314
FMDNTS0351,FMDNTS0351
FMDNTS0352,FMDNTS0352
FMDNTX0001,FMDNTX0001
FMDNTX0002,FMDNTX0002
FMDNTX0003,FMDNTX0003
FMDNTX0004,FMDNTX0004
FMDNTX0005,FMDNTX0005
FMDNTX0006,FMDNTX0006
FMDNTX0007,FMDNTX0007
FMEGD-0001,FMEGD-0001
FMEGD-0002,FMEGD-0002
FMEGD-0003,FMEGD-0003
FMEGD-0004,FMEGD-0004
FMEGD-0005,FMEGD-0005
FMEGD-0006,FMEGD-0006
FMEGD-0007,FMEGD-0007
FMEGD-0008,FMEGD-0008
FMEGD-0009,FMEGD-0009
FMEGD-0010,FMEGD-0010
FMEGD-0011,FMEGD-0011
FMENDA0001,FMENDA0001
FMENDA0002,FMENDA0002
FMENDE0003,FMENDE0003
FMENDE0004,FMENDE0004
FMENDE0005,FMENDE0005
FMENDE0009,FMENDE0009
FMENDE0014,FMENDE0014
FMENDE0023,FMENDE0023
FMENDE0025,FMENDE0025
FMENDE0026,FMENDE0026
FMENDE0027,FMENDE0027
FMENDE0029,FMENDE0029
FMENDE0031,FMENDE0031
FMENDE0034,FMENDE0034
FMENDE0035,FMENDE0035
FMENDE0036,FMENDE0036
FMENDE0037,FMENDE0037
FMENDE0040,FMENDE0040
FMENDE0041,FMENDE0041
FMENDE0043,FMENDE0043
FMENDE0044,FMENDE0044
FMENDE0052,FMENDE0052
FMENDE0053,FMENDE0053
FMENDE0054,FMENDE0054
FMENDE0055,FMENDE0055
FMENDE0057,FMENDE0057
FMENDE0059,FMENDE0059
FMENDE0062,FMENDE0062
FMENDE0064,FMENDE0064
FMENDE0065,FMENDE0065
FMENDE0067,FMENDE0067
FMENDE0071,FMENDE0071
FMENDE0072,FMENDE0072
FMENT-9000,FMENT-9000
FMENTE0001,FMENTE0001
FMENTE0002,FMENTE0002
FMENTE0003,FMENTE0003
FMENTE0005,FMENTE0005
FMENTE0008,FMENTE0008
FMENTE0009,FMENTE0009
FMENTE0010,FMENTE0010
FMENTE0011,FMENTE0011
FMENTE0013,FMENTE0013
FMENTE0014,FMENTE0014
FMENTE0015,FMENTE0015
FMENTE0018,FMENTE0018
FMENTE0020,FMENTE0020
FMENTE0021,FMENTE0021
FMENTE0025,FMENTE0025
FMENTE0026,FMENTE0026
FMENTE0027,FMENTE0027
FMENTE0029,FMENTE0029
FMENTE0030,FMENTE0030
FMENTE0031,FMENTE0031
FMENTE0032,FMENTE0032
FMENTE0035,FMENTE0035
FMENTE0036,FMENTE0036
FMENTE0037,FMENTE0037
FMENTE0038,FMENTE0038
FMENTE0039,FMENTE0039
FMENTE0040,FMENTE0040
FMENTE0041,FMENTE0041
FMENTE2004,FMENTE2004
FMENTE2005,FMENTE2005
FMENTE2006,FMENTE2006
FMENTE3001,FMENTE3001
FMENTE3002,FMENTE3002
FMENTE3003,FMENTE3003
FMENTE3004,FMENTE3004
FMENTE3005,FMENTE3005
FMENTE3006,FMENTE3006
FMENTE3007,FMENTE3007
FMENTE3017,FMENTE3017
FMENTE3018,FMENTE3018
FMENTE3020,FMENTE3020
FMENTE3026,FMENTE3026
FMENTE4007,FMENTE4007
FMENTE5003,FMENTE5003
FMENTE5004,FMENTE5004
FMENTE5005,FMENTE5005
FMENTE6001,FMENTE6001
FMENTE6003,FMENTE6003
FMENTE6004,FMENTE6004
FMENTE6005,FMENTE6005
FMENTE6008,FMENTE6008
FMENTE6009,FMENTE6009
FMENTE6020,FMENTE6020
FMENTE6022,FMENTE6022
FMENTE6026,FMENTE6026
FMENTE6029,FMENTE6029
FMENTE6034,FMENTE6034
FMENTE6037,FMENTE6037
FMENTE6039,FMENTE6039
FMENTE6044,FMENTE6044
FMENTE6045,FMENTE6045
FMENTE6048,FMENTE6048
FMENTK0002,FMENTK0002
FMENTL0014,FMENTL0014
FMENTL0015,FMENTL0015
FMENTL0017,FMENTL0017
FMENTL0023,FMENTL0023
FMENTL0024,FMENTL0024
FMENTL0025,FMENTL0025
FMENTL0029,FMENTL0029
FMENTL0031,FMENTL0031
FMENTN0005,FMENTN0005
FMENTN0006,FMENTN0006
FMENTN2009,FMENTN2009
FMENTN2010,FMENTN2010
FMENTN2012,FMENTN2012
FMENTN2037,FMENTN2037
FMENTN2038,FMENTN2038
FMENTN2054,FMENTN2054
FMENTN2055,FMENTN2055
FMENTN2063,FMENTN2063
FMENTN2064,FMENTN2064
FMENTO0003,FMENTO0003
FMENTO0009,FMENTO0009
FMENTO0012,FMENTO0012
FMENTP0001,FMENTP0001
FMENTS0002,FMENTS0002
FMERD-0001,FMERD-0001
FMERDA0001,FMERDA0001
FMERDA0002,FMERDA0002
FMERDA0003,FMERDA0003
FMERDA0004,FMERDA0004
FMERDA0006,FMERDA0006
FMERDA0008,FMERDA0008
FMERDA0009,FMERDA0009
FMERDA0010,FMERDA0010
FMERDA0011,FMERDA0011
FMERDA0012,FMERDA0012
FMERDA0014,FMERDA0014
FMERDA0016,FMERDA0016
FMERDA0017,FMERDA0017
FMERDA0018,FMERDA0018
FMERDA0019,FMERDA0019
FMERDA0020,FMERDA0020
FMERDA0023,FMERDA0023
FMERDA0024,FMERDA0024
FMERDA0026,FMERDA0026
FMERDA0027,FMERDA0027
FMERDA0028,FMERDA0028
FMERDA0029,FMERDA0029
FMERDA0031,FMERDA0031
FMERDA0033,FMERDA0033
FMERDA0034,FMERDA0034
FMERDA0035,FMERDA0035
FMERDA0036,FMERDA0036
FMERDA0037,FMERDA0037
FMERDA0038,FMERDA0038
FMERDA0039,FMERDA0039
FMERDA0045,FMERDA0045
FMERDA0051,FMERDA0051
FMERDA0052,FMERDA0052
FMERDA0053,FMERDA0053
FMERDA0054,FMERDA0054
FMERDA0060,FMERDA0060
FMERDA0061,FMERDA0061
FMERDA0062,FMERDA0062
FMERDA0063,FMERDA0063
FMERDA0064,FMERDA0064
FMERDA0065,FMERDA0065
FMERDA0066,FMERDA0066
FMERDA0067,FMERDA0067
FMERDA0069,FMERDA0069
FMERDA0070,FMERDA0070
FMERDA0071,FMERDA0071
FMERDA0072,FMERDA0072
FMERDA0073,FMERDA0073
FMERDA0075,FMERDA0075
FMERDA0076,FMERDA0076
FMERDA0077,FMERDA0077
FMERDA0086,FMERDA0086
FMERDA0087,FMERDA0087
FMERDA0089,FMERDA0089
FMERDA0091,FMERDA0091
FMERDA0095,FMERDA0095
FMERDC0001,FMERDC0001
FMERDC0003,FMERDC0003
FMERDC0004,FMERDC0004
FMERDC0006,FMERDC0006
FMERDC0018,FMERDC0018
FMERDC0020,FMERDC0020
FMERDC0022,FMERDC0022
FMERDC0025,FMERDC0025
FMERDD0004,FMERDD0004
FMERDD0005,FMERDD0005
FMERDD0006,FMERDD0006
FMICU-0007,FMICU-0007
FMICU-0008,FMICU-0008
FMICU-0014,FMICU-0014
FMICU-0018,FMICU-0018
FMINT-0008,FMINT-0008
FMINT-0068,FMINT-0068
FMINT-0072,FMINT-0072
FMINT-0074,FMINT-0074
FMINT-0075,FMINT-0075
FMINT-0077,FMINT-0077
FMINT-0078,FMINT-0078
FMINT-0079,FMINT-0079
FMINT-0080,FMINT-0080
FMINT-0088,FMINT-0088
FMINT-0089,FMINT-0089
FMINT-0091,FMINT-0091
FMINT-0092,FMINT-0092
FMINT-0106,FMINT-0106
FMINTR0014,FMINTR0014
FMINTR0019,FMINTR0019
FMLAB-1006,FMLAB-1006
FMLAB-1011,FMLAB-1011
FMLAB-1013,FMLAB-1013
FMLAB-1014,FMLAB-1014
FMLAB-1015,FMLAB-1015
FMLAB-1016,FMLAB-1016
FMLAB-1017,FMLAB-1017
FMLAB-1018,FMLAB-1018
FMLAB-1019,FMLAB-1019
FMLAB-1021,FMLAB-1021
FMLAB-1023,FMLAB-1023
FMLAB-1032,FMLAB-1032
FMLAB-1033,FMLAB-1033
FMLAB-1034,FMLAB-1034
FMLAB-1035,FMLAB-1035
FMLAB-1036,FMLAB-1036
FMLAB-1038,FMLAB-1038
FMLAB-1040,FMLAB-1040
FMLAB-1042,FMLAB-1042
FMLAB-1043,FMLAB-1043
FMLAB-1045,FMLAB-1045
FMLAB-1046,FMLAB-1046
FMLAB-1051,FMLAB-1051
FMLAB-1054,FMLAB-1054
FMLAB-1055,FMLAB-1055
FMLAB-1056,FMLAB-1056
FMLAB-1058,FMLAB-1058
FMLAB-1063,FMLAB-1063
FMLAB-1065,FMLAB-1065
FMLAB-1067,FMLAB-1067
FMLAB-1068,FMLAB-1068
FMLAB-1069,FMLAB-1069
FMLAB-1072,FMLAB-1072
FMLAB-1074,FMLAB-1074
FMLAB-1079,FMLAB-1079
FMLAB-1080,FMLAB-1080
FMLAB-1083,FMLAB-1083
FMLAB-1085,FMLAB-1085
FMLAB-1088,FMLAB-1088
FMLAB-1108,FMLAB-1108
FMLAB-1112,FMLAB-1112
FMLAB-1503,FMLAB-1503
FMLAB-1507,FMLAB-1507
FMLAB-2003,FMLAB-2003
FMLAB-2005,FMLAB-2005
FMLAB-2006,FMLAB-2006
FMLAB-2007,FMLAB-2007
FMLAB-2008,FMLAB-2008
FMLAB-2009,FMLAB-2009
FMLAB-2010,FMLAB-2010
FMLAB-2011,FMLAB-2011
FMLAB-2012,FMLAB-2012
FMLAB-2013,FMLAB-2013
FMLAB-2014,FMLAB-2014
FMLAB-2016,FMLAB-2016
FMLAB-2017,FMLAB-2017
FMLAB-2018,FMLAB-2018
FMLAB-2019,FMLAB-2019
FMLAB-2020,FMLAB-2020
FMLAB-2021,FMLAB-2021
FMLAB-2022,FMLAB-2022
FMLAB-2023,FMLAB-2023
FMLAB-2024,FMLAB-2024
FMLAB-2025,FMLAB-2025
FMLAB-2026,FMLAB-2026
FMLAB-2027,FMLAB-2027
FMLAB-2028,FMLAB-2028
FMLAB-2029,FMLAB-2029
FMLAB-2030,FMLAB-2030
FMLAB-2031,FMLAB-2031
FMLAB-2032,FMLAB-2032
FMLAB-2033,FMLAB-2033
FMLAB-2034,FMLAB-2034
FMLAB-2035,FMLAB-2035
FMLAB-2037,FMLAB-2037
FMLAB-2040,FMLAB-2040
FMLAB-2041,FMLAB-2041
FMLAB-2042,FMLAB-2042
FMLAB-2043,FMLAB-2043
FMLAB-2045,FMLAB-2045
FMLAB-2046,FMLAB-2046
FMLAB-2047,FMLAB-2047
FMLAB-2048,FMLAB-2048
FMLAB-2049,FMLAB-2049
FMLAB-2050,FMLAB-2050
FMLAB-2051,FMLAB-2051
FMLAB-2052,FMLAB-2052
FMLAB-2053,FMLAB-2053
FMLAB-2054,FMLAB-2054
FMLAB-2055,FMLAB-2055
FMLAB-2056,FMLAB-2056
FMLAB-2057,FMLAB-2057
FMLAB-2058,FMLAB-2058
FMLAB-2060,FMLAB-2060
FMLAB-2063,FMLAB-2063
FMLAB-2064,FMLAB-2064
FMLAB-2065,FMLAB-2065
FMLAB-2066,FMLAB-2066
FMLAB-2067,FMLAB-2067
FMLAB-2068,FMLAB-2068
FMLAB-2069,FMLAB-2069
FMLAB-2070,FMLAB-2070
FMLAB-2072,FMLAB-2072
FMLAB-2073,FMLAB-2073
FMLAB-2074,FMLAB-2074
FMLAB-2075,FMLAB-2075
FMLAB-2076,FMLAB-2076
FMLAB-2077,FMLAB-2077
FMLAB-2078,FMLAB-2078
FMLAB-2079,FMLAB-2079
FMLAB-2080,FMLAB-2080
FMLAB-2081,FMLAB-2081
FMLAB-2082,FMLAB-2082
FMLAB-2083,FMLAB-2083
FMLAB-2084,FMLAB-2084
FMLAB-2085,FMLAB-2085
FMLAB-2086,FMLAB-2086
FMLAB-2087,FMLAB-2087
FMLAB-2088,FMLAB-2088
FMLAB-2089,FMLAB-2089
FMLAB-2090,FMLAB-2090
FMLAB-2091,FMLAB-2091
FMLAB-2095,FMLAB-2095
FMLAB-2096,FMLAB-2096
FMLAB-2098,FMLAB-2098
FMLAB-2103,FMLAB-2103
FMLAB-2108,FMLAB-2108
FMLAB-3001,FMLAB-3001
FMLAB-3003,FMLAB-3003
FMLAB-3004,FMLAB-3004
FMLAB-3005,FMLAB-3005
FMLAB-3006,FMLAB-3006
FMLAB-3007,FMLAB-3007
FMLAB-3008,FMLAB-3008
FMLAB-3009,FMLAB-3009
FMLAB-3010,FMLAB-3010
FMLAB-3011,FMLAB-3011
FMLAB-3012,FMLAB-3012
FMLAB-3013,FMLAB-3013
FMLAB-3015,FMLAB-3015
FMLAB-3016,FMLAB-3016
FMLAB-3018,FMLAB-3018
FMLAB-3019,FMLAB-3019
FMLAB-3020,FMLAB-3020
FMLAB-3021,FMLAB-3021
FMLAB-3022,FMLAB-3022
FMLAB-3023,FMLAB-3023
FMLAB-3026,FMLAB-3026
FMLAB-3028,FMLAB-3028
FMLAB-3029,FMLAB-3029
FMLAB-3031,FMLAB-3031
FMLAB-3032,FMLAB-3032
FMLAB-3033,FMLAB-3033
FMLAB-3034,FMLAB-3034
FMLAB-3048,FMLAB-3048
FMLAB-4001,FMLAB-4001
FMLAB-4002,FMLAB-4002
FMLAB-4003,FMLAB-4003
FMLAB-4004,FMLAB-4004
FMLAB-4005,FMLAB-4005
FMLAB-4006,FMLAB-4006
FMLAB-4009,FMLAB-4009
FMLAB-4010,FMLAB-4010
FMLAB-4012,FMLAB-4012
FMLAB-4013,FMLAB-4013
FMLAB-4014,FMLAB-4014
FMLAB-4015,FMLAB-4015
FMLAB-4016,FMLAB-4016
FMLAB-5001,FMLAB-5001
FMLAB-5002,FMLAB-5002
FMLAB-5004,FMLAB-5004
FMLAB-5005,FMLAB-5005
FMLAB-5006,FMLAB-5006
FMLAB-5007,FMLAB-5007
FMLAB-5008,FMLAB-5008
FMLAB-5009,FMLAB-5009
FMLAB-5010,FMLAB-5010
FMLAB-5011,FMLAB-5011
FMLAB-5012,FMLAB-5012
FMLAB-5013,FMLAB-5013
FMLAB-5014,FMLAB-5014
FMLAB-5015,FMLAB-5015
FMLAB-5016,FMLAB-5016
FMLAB-5017,FMLAB-5017
FMLAB-5018,FMLAB-5018
FMLAB-5022,FMLAB-5022
FMLAB-5023,FMLAB-5023
FMLAB-5024,FMLAB-5024
FMLAB-5026,FMLAB-5026
FMLAB-5027,FMLAB-5027
FMLAB-5028,FMLAB-5028
FMLAB-5030,FMLAB-5030
FMLAB-5031,FMLAB-5031
FMLAB-5032,FMLAB-5032
FMLAB-5033,FMLAB-5033
FMLAB-5035,FMLAB-5035
FMLAB-5039,FMLAB-5039
FMLAB-5040,FMLAB-5040
FMLAB-5041,FMLAB-5041
FMLAB-5042,FMLAB-5042
FMLAB-5043,FMLAB-5043
FMLAB-5044,FMLAB-5044
FMLAB-5047,FMLAB-5047
FMLAB-5048,FMLAB-5048
FMLAB-5049,FMLAB-5049
FMLAB-5050,FMLAB-5050
FMLAB-5051,FMLAB-5051
FMLAB-5052,FMLAB-5052
FMLAB-5053,FMLAB-5053
FMLAB-5057,FMLAB-5057
FMLAB-5062,FMLAB-5062
FMLAB-5064,FMLAB-5064
FMLAB-5065,FMLAB-5065
FMLAB-5067,FMLAB-5067
FMLAB-5072,FMLAB-5072
FMLAB-5081,FMLAB-5081
FMLAB-5083,FMLAB-5083
FMLAB-5293,FMLAB-5293
FMLAB-6001,FMLAB-6001
FMLAB-6003,FMLAB-6003
FMLAB-6004,FMLAB-6004
FMLAB-6005,FMLAB-6005
FMLAB-6006,FMLAB-6006
FMLAB-6007,FMLAB-6007
FMLAB-6008,FMLAB-6008
FMLAB-6009,FMLAB-6009
FMLAB-6010,FMLAB-6010
FMLAB-6012,FMLAB-6012
FMLAB-6014,FMLAB-6014
FMLAB-6015,FMLAB-6015
FMLAB-6016,FMLAB-6016
FMLAB-6017,FMLAB-6017
FMLAB-6018,FMLAB-6018
FMLAB-6019,FMLAB-6019
FMLAB-6021,FMLAB-6021
FMLAB-6023,FMLAB-6023
FMLAB-6024,FMLAB-6024
FMLAB-6025,FMLAB-6025
FMLAB-6026,FMLAB-6026
FMLAB-6027,FMLAB-6027
FMLAB-6031,FMLAB-6031
FMLAB-6038,FMLAB-6038
FMLAB-6044,FMLAB-6044
FMLAB-6047,FMLAB-6047
FMLAB-7001,FMLAB-7001
FMLAB-7003,FMLAB-7003
FMLAB-7006,FMLAB-7006
FMLAB-7007,FMLAB-7007
FMLAB-7008,FMLAB-7008
FMLAB-7009,FMLAB-7009
FMLAB-7010,FMLAB-7010
FMLAB-7012,FMLAB-7012
FMLAB-7016,FMLAB-7016
FMLAB-7017,FMLAB-7017
FMLAB-7018,FMLAB-7018
FMLAB-7019,FMLAB-7019
FMLAB-7020,FMLAB-7020
FMLAB-7022,FMLAB-7022
FMLAB-7023,FMLAB-7023
FMLAB-7024,FMLAB-7024
FMLAB-7025,FMLAB-7025
FMLAB-7027,FMLAB-7027
FMLAB-7028,FMLAB-7028
FMLAB-7029,FMLAB-7029
FMLAB-7030,FMLAB-7030
FMLAB-7032,FMLAB-7032
FMLAB-7033,FMLAB-7033
FMLAB-7034,FMLAB-7034
FMLAB-7035,FMLAB-7035
FMLAB-7036,FMLAB-7036
FMLAB-7037,FMLAB-7037
FMLAB-7038,FMLAB-7038
FMLAB-7041,FMLAB-7041
FMLAB-7042,FMLAB-7042
FMLAB-7043,FMLAB-7043
FMLAB-7044,FMLAB-7044
FMLAB-7046,FMLAB-7046
FMLAB-7047,FMLAB-7047
FMLAB-7048,FMLAB-7048
FMLAB-7051,FMLAB-7051
FMLAB-7059,FMLAB-7059
FMLAB-7061,FMLAB-7061
FMLAB-8001,FMLAB-8001
FMLAB-8002,FMLAB-8002
FMLAB-8003,FMLAB-8003
FMLAB-8005,FMLAB-8005
FMLAB-8006,FMLAB-8006
FMLAB-8008,FMLAB-8008
FMLAB-8009,FMLAB-8009
FMLAB-8010,FMLAB-8010
FMLAB-8012,FMLAB-8012
FMLAB-8013,FMLAB-8013
FMLAB-8014,FMLAB-8014
FMLAB-8016,FMLAB-8016
FMLAB-8051,FMLAB-8051
FMLAB-8052,FMLAB-8052
FMLAB-8053,FMLAB-8053
FMLAB-8065,FMLAB-8065
FMLAB-8070,FMLAB-8070
FMLAB-9001,FMLAB-9001
FMLAB-9004,FMLAB-9004
FMLAB-9005,FMLAB-9005
FMLAB-9007,FMLAB-9007
FMLAB-9010,FMLAB-9010
FMLAB-9011,FMLAB-9011
FMLAB-9014,FMLAB-9014
FMLAB-9017,FMLAB-9017
FMLAB-9018,FMLAB-9018
FMLAB-9019,FMLAB-9019
FMLAB-9021,FMLAB-9021
FMLAB-9023,FMLAB-9023
FMLAB-9027,FMLAB-9027
FMLAB-9028,FMLAB-9028
FMLAB-9029,FMLAB-9029
FMLAB-9030,FMLAB-9030
FMLAB-9031,FMLAB-9031
FMLAB-9034,FMLAB-9034
FMLAB-9037,FMLAB-9037
FMLAB-9039,FMLAB-9039
FMLAB-9042,FMLAB-9042
FMLAB-9043,FMLAB-9043
FMLAB-9047,FMLAB-9047
FMLAB-9049,FMLAB-9049
FMLAB-9059,FMLAB-9059
FMLAB-9062,FMLAB-9062
FMLAB-9065,FMLAB-9065
FMLAB-9066,FMLAB-9066
FMLAB-9067,FMLAB-9067
FMLAB-9068,FMLAB-9068
FMLAB-9069,FMLAB-9069
FMLAB-9071,FMLAB-9071
FMLAB-9074,FMLAB-9074
FMLAB-9080,FMLAB-9080
FMLAB-9083,FMLAB-9083
FMLAB-9085,FMLAB-9085
FMLAB-9086,FMLAB-9086
FMLAB-9088,FMLAB-9088
FMLAB-9089,FMLAB-9089
FMLAB-9090,FMLAB-9090
FMLAB-9091,FMLAB-9091
FMLAB-9092,FMLAB-9092
FMLAB-9093,FMLAB-9093
FMLAB-9095,FMLAB-9095
FMLAB-9098,FMLAB-9098
FMLAB-9101,FMLAB-9101
FMLAB-9102,FMLAB-9102
FMLAB-9105,FMLAB-9105
FMLAB-9106,FMLAB-9106
FMLAB-9107,FMLAB-9107
FMLAB-9108,FMLAB-9108
FMLAB-9111,FMLAB-9111
FMLAB-9113,FMLAB-9113
FMLAB-9121,FMLAB-9121
FMLAB-9125,FMLAB-9125
FMLAB-9127,FMLAB-9127
FMLAB-9130,FMLAB-9130
FMLAB-9131,FMLAB-9131
FMLAB-9133,FMLAB-9133
FMLAB-9136,FMLAB-9136
FMLAB-9139,FMLAB-9139
FMLAB-9140,FMLAB-9140
FMLAB-9141,FMLAB-9141
FMLAB-9145,FMLAB-9145
FMLAB-9146,FMLAB-9146
FMLAB-9148,FMLAB-9148
FMLAB-9157,FMLAB-9157
FMLAB-9158,FMLAB-9158
FMLAB-9159,FMLAB-9159
FMLAB-9160,FMLAB-9160
FMLAB-9165,FMLAB-9165
FMLAB-9168,FMLAB-9168
FMLAB-9169,FMLAB-9169
FMLAB-9170,FMLAB-9170
FMLAB-9172,FMLAB-9172
FMLAB-2097,FMLAB-9179
FMLAB-9184,FMLAB-9184
FMLAB-9185,FMLAB-9185
FMLAB-9190,FMLAB-9190
FMLAB-9193,FMLAB-9193
FMLAB-9197,FMLAB-9197
FMLAB-9198,FMLAB-9198
FMLAB-9201,FMLAB-9201
FMLAB-9202,FMLAB-9202
FMLAB-9203,FMLAB-9203
FMLAB-9204,FMLAB-9204
FMLAB-9205,FMLAB-9205
FMLAB-9211,FMLAB-9211
FMLAB-9212,FMLAB-9212
FMLAB-9215,FMLAB-9215
FMLAB-9217,FMLAB-9217
FMLAB-9218,FMLAB-9218
FMLAB-9226,FMLAB-9226
FMLAB-9228,FMLAB-9228
FMLAB-9229,FMLAB-9229
FMLAB-9238,FMLAB-9238
FMLAB-9241,FMLAB-9241
FMLAB-9242,FMLAB-9242
FMLAB-9244,FMLAB-9244
FMLAB-9246,FMLAB-9246
FMLAB-9252,FMLAB-9252
FMLAB-9255,FMLAB-9255
FMLAB-9261,FMLAB-9261
FMLAB-9262,FMLAB-9262
FMLAB-9270,FMLAB-9270
FMLAB-9273,FMLAB-9273
FMLAB-9275,FMLAB-9275
FMLAB-9276,FMLAB-9276
FMLAB-9277,FMLAB-9277
FMLAB-9282,FMLAB-9282
FMLAB-9284,FMLAB-9284
FMLAB-9286,FMLAB-9286
FMLAB-9288,FMLAB-9288
FMLAB-9289,FMLAB-9289
FMLAB-9291,FMLAB-9291
FMLAB-9296,FMLAB-9296
FMLAB-9306,FMLAB-9306
FMLAB-9307,FMLAB-9307
FMLAB-9309,FMLAB-9309
FMLAB-9310,FMLAB-9310
FMLAB-9314,FMLAB-9314
FMLAB-9316,FMLAB-9316
FMLAB-9317,FMLAB-9317
FMLAB-9323,FMLAB-9323
FMLAB-9326,FMLAB-9326
FMLAB-9328,FMLAB-9328
FMLAB-9335,FMLAB-9335
FMLAB-9338,FMLAB-9338
FMLAB-9340,FMLAB-9340
FMLAB-9341,FMLAB-9341
FMLAB-9342,FMLAB-9342
FMLAB-9346,FMLAB-9346
FMLAB-9359,FMLAB-9359
FMLAB-9361,FMLAB-9361
FMLAB-9363,FMLAB-9363
FMLAB-9364,FMLAB-9364
FMLAB-9365,FMLAB-9365
FMLAB-9368,FMLAB-9368
FMLAB-9370,FMLAB-9370
FMLAB-9373,FMLAB-9373
FMLAB-9375,FMLAB-9375
FMLAB-9376,FMLAB-9376
FMLAB-9377,FMLAB-9377
FMLAB-9378,FMLAB-9378
FMLAB-9382,FMLAB-9382
FMLAB-9384,FMLAB-9384
FMLAB-9386,FMLAB-9386
FMLAB-9388,FMLAB-9388
FMLAB-9394,FMLAB-9394
FMLAB-9422,FMLAB-9422
FMLAB-9433,FMLAB-9433
FMLAB-9443,FMLAB-9443
FMLAB-9445,FMLAB-9445
FMLAB-9448,FMLAB-9448
FMLAB-9453,FMLAB-9453
FMLAB-9455,FMLAB-9455
FMLAB-9456,FMLAB-9456
FMLAB-9457,FMLAB-9457
FMLAB-9468,FMLAB-9468
FMLAB-9476,FMLAB-9476
FMLAB-9480,FMLAB-9480
FMLAB-9482,FMLAB-9482
FMLAB-9484,FMLAB-9484
FMLAB-9485,FMLAB-9485
FMLAB-9487,FMLAB-9487
FMLAB-9490,FMLAB-9490
FMLAB-9499,FMLAB-9499
FMLAB-9502,FMLAB-9502
FMLAB-9503,FMLAB-9503
FMLAB-9505,FMLAB-9505
FMLAB-9510,FMLAB-9510
FMLAB-9511,FMLAB-9511
FMLAB-9514,FMLAB-9514
FMLAB-9518,FMLAB-9518
FMLAB-9519,FMLAB-9519
FMLAB-9521,FMLAB-9521
FMLAB-9522,FMLAB-9522
FMLAB-9523,FMLAB-9523
FMLAB-9526,FMLAB-9526
FMLAB-9527,FMLAB-9527
FMLAB-9531,FMLAB-9531
FMLAB-9535,FMLAB-9535
FMLAB-9540,FMLAB-9540
FMLAB-9541,FMLAB-9541
FMLAB-9543,FMLAB-9543
FMLAB-9550,FMLAB-9550
FMLAB-9551,FMLAB-9551
FMLAB-9552,FMLAB-9552
FMLAB-9553,FMLAB-9553
FMLAB-9565,FMLAB-9565
FMLAB-9566,FMLAB-9566
FMLAB-9568,FMLAB-9568
FMLAB-9572,FMLAB-9572
FMLAB-9588,FMLAB-9588
FMLAB-9593,FMLAB-9593
FMLAB-9607,FMLAB-9607
FMLAB-9611,FMLAB-9611
FMLAB-9613,FMLAB-9613
FMLAB-9620,FMLAB-9620
FMLAB-9621,FMLAB-9621
FMLAB-9628,FMLAB-9628
FMLAB-9630,FMLAB-9630
FMLAB-9631,FMLAB-9631
FMLAB-9632,FMLAB-9632
FMLAB-9638,FMLAB-9638
FMLAB-9648,FMLAB-9648
FMLAB-9657,FMLAB-9657
FMLAB-9659,FMLAB-9659
FMLAB-9661,FMLAB-9661
FMLAB-9678,FMLAB-9678
FMLAB-9685,FMLAB-9685
FMLAB-9688,FMLAB-9688
FMLAB-9691,FMLAB-9691
FMLAB-9693,FMLAB-9693
FMLAB-9703,FMLAB-9703
FMLAB-9704,FMLAB-9704
FMLAB-9714,FMLAB-9714
FMLAB-9716,FMLAB-9716
FMLAB-9717,FMLAB-9717
FMLAB-9734,FMLAB-9734
FMLAB-9736,FMLAB-9736
FMLAB-9749,FMLAB-9749
FMLAB-9758,FMLAB-9758
FMLAB-9775,FMLAB-9775
FMLAB-9779,FMLAB-9779
FMLAB-9786,FMLAB-9786
FMLAB-9791,FMLAB-9791
FMLAB-9792,FMLAB-9792
FMLAB-9793,FMLAB-9793
FMLAB-9808,FMLAB-9808
FMLAB-9816,FMLAB-9816
FMLAB-9818,FMLAB-9818
FMLAB-9833,FMLAB-9833
FMLAB-9837,FMLAB-9837
FMLAB-9986,FMLAB-9986
FMLAB-9991,FMLAB-9991
FMLAB-9992,FMLAB-9992
FMLAB-9993,FMLAB-9993
FMLAB-9994,FMLAB-9994
FMLAB-9995,FMLAB-9995
FMLAB-9998,FMLAB-9998
FMLAB-9999,FMLAB-9999
FMLABM0002,FMLABM0002
FMLABM0014,FMLABM0014
FMLABM0018,FMLABM0018
FMLABM0038,FMLABM0038
FMLAB-1084,FMLABM0052
FMLABM0065,FMLABM0065
FMLABM0075,FMLABM0075
FMNBD-0001,FMNBD-0001
FMNBD-0002,FMNBD-0002
FMNBD-0003,FMNBD-0003
FMNBD-0004,FMNBD-0004
FMNBD-0006,FMNBD-0006
FMNEP-0005,FMNEP-0005
FMNEP-0006,FMNEP-0006
FMNEP-0007,FMNEP-0007
FMNEP-0008,FMNEP-0008
FMNEP-0009,FMNEP-0009
FMNEP-0010,FMNEP-0010
FMNEP-0011,FMNEP-0011
FMNEP-0013,FMNEP-0013
FMNEP-0014,FMNEP-0014
FMNEP-0015,FMNEP-0015
FMNEP-0016,FMNEP-0016
FMNEP-0017,FMNEP-0017
FMNEP-0019,FMNEP-0019
FMNEP-0020,FMNEP-0020
FMNEP-0021,FMNEP-0021
FMNEP-0022,FMNEP-0022
FMNEP-0023,FMNEP-0023
FMNEP-0024,FMNEP-0024
FMNEP-0025,FMNEP-0025
FMNEP-0026,FMNEP-0026
FMNEP-0027,FMNEP-0027
FMNEP-0028,FMNEP-0028
FMNEP-0029,FMNEP-0029
FMNEP-0031,FMNEP-0031
FMNEP-0032,FMNEP-0032
FMNEP-0034,FMNEP-0034
FMNEP-0035,FMNEP-0035
FMNEP-0036,FMNEP-0036
FMNEP-0037,FMNEP-0037
FMNEP-0038,FMNEP-0038
FMNEP-0039,FMNEP-0039
FMNEP-0040,FMNEP-0040
FMNEP-0041,FMNEP-0041
FMNEP-0043,FMNEP-0043
FMNEU-0048,FMNEU-0048
FMNEU-0057,FMNEU-0057
FMNEU-0062,FMNEU-0062
FMNEU-0063,FMNEU-0063
FMNEU-0089,FMNEU-0089
FMNEU-0090,FMNEU-0090
FMNEU-0155,FMNEU-0155
FMNONC-002,FMNONC-002
FMNONC-003,FMNONC-003
FMNUM-0000,FMNUM-0000
FMNUM-0006,FMNUM-0006
FMNUM-0008,FMNUM-0008
FMNUM-0009,FMNUM-0009
FMNUM-0017,FMNUM-0017
FMNUM-0026,FMNUM-0026
FMNUM-0030,FMNUM-0030
FMNUM-0031,FMNUM-0031
FMNUM-0032,FMNUM-0032
FMNUM-0034,FMNUM-0034
FMNUM-0035,FMNUM-0035
FMNUM-0036,FMNUM-0036
FMNUM-0039,FMNUM-0039
FMNUM-0042,FMNUM-0042
FMNUM-0046,FMNUM-0046
FMNUM-0047,FMNUM-0047
FMNUM-0048,FMNUM-0048
FMNUM-0049,FMNUM-0049
FMNUM-0050,FMNUM-0050
FMNUM-0051,FMNUM-0051
FMNUM-0052,FMNUM-0052
FMNUM-0056,FMNUM-0056
FMNUM-0500,FMNUM-0500
FMNUR-0013,FMNUR-0013
FMNUR-0025,FMNUR-0025
FMNUR-0044,FMNUR-0044
FMNUR-0060,FMNUR-0060
FMOBG-0003,FMOBG-0003
FMOBG-0004,FMOBG-0004
FMOBG-0016,FMOBG-0016
FMOBG-0022,FMOBG-0022
FMOBG-0023,FMOBG-0023
FMOBG-0071,FMOBG-0071
FMOBG-0073,FMOBG-0073
FMOBG-0074,FMOBG-0074
FMOBG-0081,FMOBG-0081
FMOBG-0122,FMOBG-0122
FMOBG-0141,FMOBG-0141
FMOBG-0142,FMOBG-0142
FMONC-0002,FMONC-0002
FMONC-0005,FMONC-0005
FMONC-0008,FMONC-0008
FMONC-0009,FMONC-0009
FMONC-0010,FMONC-0010
FMONC-0012,FMONC-0012
FMONC-0014,FMONC-0014
FMONC-0015,FMONC-0015
FMONC-0016,FMONC-0016
FMONC-0017,FMONC-0017
FMONC-0018,FMONC-0018
FMONC-0019,FMONC-0019
FMONC-0021,FMONC-0021
FMONC-0022,FMONC-0022
FMONC-0023,FMONC-0023
FMONC-0024,FMONC-0024
FMONC-0026,FMONC-0026
FMONC-0028,FMONC-0028
FMONC-0029,FMONC-0029
FMONC-0030,FMONC-0030
FMONC-0031,FMONC-0031
FMONC-0032,FMONC-0032
FMONC-0033,FMONC-0033
FMONC-0035,FMONC-0035
FMONC-0037,FMONC-0037
FMONC-0044,FMONC-0044
FMONC-0050,FMONC-0050
FMONC-0051,FMONC-0051
FMONC-0056,FMONC-0056
FMONC-0062,FMONC-0062
FMONC-0068,FMONC-0068
FMONC-0073,FMONC-0073
FMONC-0074,FMONC-0074
FMONC-0075,FMONC-0075
FMONC-0076,FMONC-0076
FMONC-1008,FMONC-1008
FMONC-1009,FMONC-1009
FMONCS-000,FMONCS-000
FMOPTA0002,FMOPTA0002
FMOPTA0003,FMOPTA0003
FMOPTA0004,FMOPTA0004
FMOPTA0005,FMOPTA0005
FMOPTA0006,FMOPTA0006
FMOPTA0007,FMOPTA0007
FMOPTA0008,FMOPTA0008
FMOPTA0009,FMOPTA0009
FMOPTA0010,FMOPTA0010
FMOPTA0011,FMOPTA0011
FMOPTA0012,FMOPTA0012
FMOPTA0016,FMOPTA0016
FMOPTA0018,FMOPTA0018
FMOPTA0019,FMOPTA0019
FMOPTA0020,FMOPTA0020
FMOPTA0021,FMOPTA0021
FMOPTB0003,FMOPTB0003
FMOPTB0006,FMOPTB0006
FMOPTB0008,FMOPTB0008
FMOPTB0013,FMOPTB0013
FMOPTB0016,FMOPTB0016
FMOPTB0018,FMOPTB0018
FMOPTC0002,FMOPTC0002
FMOPTC0003,FMOPTC0003
FMOPTC0004,FMOPTC0004
FMOPTC0005,FMOPTC0005
FMOPTC0006,FMOPTC0006
FMOPTC0011,FMOPTC0011
FMOPTC0018,FMOPTC0018
FMOPTC0019,FMOPTC0019
FMOPTD0007,FMOPTD0007
FMOPTE0001,FMOPTE0001
FMOPTE0005,FMOPTE0005
FMOPTE0011,FMOPTE0011
FMOPTE0027,FMOPTE0027
FMOPTH0008,FMOPTH0008
FMOPTH0009,FMOPTH0009
FMOPTH0010,FMOPTH0010
FMOPTH0012,FMOPTH0012
FMOPTH0013,FMOPTH0013
FMOPTH0014,FMOPTH0014
FMOPTI0006,FMOPTI0006
FMOPTL0006,FMOPTL0006
FMORDZ0001,FMORDZ0001
FMORDZ9998,FMORDZ9998
FMORT-0003,FMORT-0003
FMORT-0005,FMORT-0005
FMORT-0006,FMORT-0006
FMORT-0007,FMORT-0007
FMORT-0008,FMORT-0008
FMORT-0009,FMORT-0009
FMORT-0010,FMORT-0010
FMORT-0011,FMORT-0011
FMORT-0012,FMORT-0012
FMORT-0013,FMORT-0013
FMORT-0014,FMORT-0014
FMORT-0015,FMORT-0015
FMORT-0016,FMORT-0016
FMORT-0017,FMORT-0017
FMORT-0018,FMORT-0018
FMORT-0019,FMORT-0019
FMORT-0020,FMORT-0020
FMORT-0021,FMORT-0021
FMORT-0023,FMORT-0023
FMORT-0031,FMORT-0031
FMORT-0032,FMORT-0032
FMORT-0034,FMORT-0034
FMORT-0035,FMORT-0035
FMORT-0036,FMORT-0036
FMORT-0037,FMORT-0037
FMORT-0038,FMORT-0038
FMORT-0039,FMORT-0039
FMORT-0040,FMORT-0040
FMORT-0041,FMORT-0041
FMORT-0042,FMORT-0042
FMORT-0043,FMORT-0043
FMORT-0044,FMORT-0044
FMORT-0045,FMORT-0045
FMORT-0046,FMORT-0046
FMORT-0047,FMORT-0047
FMORT-0049,FMORT-0049
FMORT-0050,FMORT-0050
FMORT-0051,FMORT-0051
FMORT-0052,FMORT-0052
FMORT-0053,FMORT-0053
FMORT-0054,FMORT-0054
FMORT-0055,FMORT-0055
FMORT-0065,FMORT-0065
FMORT-0066,FMORT-0066
FMORT-0067,FMORT-0067
FMORT-0068,FMORT-0068
FMORT-0069,FMORT-0069
FMORT-0070,FMORT-0070
FMORT-0071,FMORT-0071
FMORT-0072,FMORT-0072
FMORT-0073,FMORT-0073
FMORT-0074,FMORT-0074
FMORT-0075,FMORT-0075
FMORT-0076,FMORT-0076
FMORT-0077,FMORT-0077
FMORT-0078,FMORT-0078
FMORT-0079,FMORT-0079
FMORT-0080,FMORT-0080
FMORT-0081,FMORT-0081
FMORT-0082,FMORT-0082
FMORT-0083,FMORT-0083
FMORT-0084,FMORT-0084
FMORT-0085,FMORT-0085
FMORT-0086,FMORT-0086
FMORT-0087,FMORT-0087
FMORT-0088,FMORT-0088
FMORT-0090,FMORT-0090
FMORT-0091,FMORT-0091
FMORT-0092,FMORT-0092
FMORT-0093,FMORT-0093
FMORT-0094,FMORT-0094
FMORT-0095,FMORT-0095
FMORT-0096,FMORT-0096
FMORT-0097,FMORT-0097
FMORT-0098,FMORT-0098
FMORT-0099,FMORT-0099
FMORT-0100,FMORT-0100
FMORT-0101,FMORT-0101
FMORT-0102,FMORT-0102
FMORT-0103,FMORT-0103
FMORT-0104,FMORT-0104
FMORT-0105,FMORT-0105
FMORT-0106,FMORT-0106
FMORT-0107,FMORT-0107
FMORT-0108,FMORT-0108
FMORT-0109,FMORT-0109
FMORT-0110,FMORT-0110
FMORT-0111,FMORT-0111
FMORT-0112,FMORT-0112
FMORT-0113,FMORT-0113
FMORT-0114,FMORT-0114
FMORT-0115,FMORT-0115
FMORT-0116,FMORT-0116
FMORT-0117,FMORT-0117
FMORT-0118,FMORT-0118
FMORT-0119,FMORT-0119
FMORT-0120,FMORT-0120
FMORT-0121,FMORT-0121
FMORT-0122,FMORT-0122
FMORT-0123,FMORT-0123
FMORT-0124,FMORT-0124
FMORT-0125,FMORT-0125
FMORT-0126,FMORT-0126
FMORT-0127,FMORT-0127
FMORT-0128,FMORT-0128
FMORT-0129,FMORT-0129
FMORT-0130,FMORT-0130
FMORT-0131,FMORT-0131
FMORT-0132,FMORT-0132
FMORT-0133,FMORT-0133
FMORT-0136,FMORT-0136
FMORT-0138,FMORT-0138
FMORT-0139,FMORT-0139
FMORT-0140,FMORT-0140
FMORT-0141,FMORT-0141
FMORT-0142,FMORT-0142
FMORT-0143,FMORT-0143
FMORT-0144,FMORT-0144
FMORT-0145,FMORT-0145
FMORT-0146,FMORT-0146
FMORT-0147,FMORT-0147
FMORT-0148,FMORT-0148
FMORT-0149,FMORT-0149
FMORT-0150,FMORT-0150
FMORT-0151,FMORT-0151
FMORT-0152,FMORT-0152
FMORT-0153,FMORT-0153
FMORT-0154,FMORT-0154
FMORT-0155,FMORT-0155
FMORT-0156,FMORT-0156
FMORT-0157,FMORT-0157
FMORT-0158,FMORT-0158
FMORT-0159,FMORT-0159
FMORT-0160,FMORT-0160
FMORT-0161,FMORT-0161
FMORT-0162,FMORT-0162
FMORT-0163,FMORT-0163
FMORT-0165,FMORT-0165
FMORT-0166,FMORT-0166
FMORT-0167,FMORT-0167
FMORT-0168,FMORT-0168
FMORT-0169,FMORT-0169
FMORT-0170,FMORT-0170
FMORT-0171,FMORT-0171
FMORT-0173,FMORT-0173
FMORT-0174,FMORT-0174
FMORT-0175,FMORT-0175
FMORT-0176,FMORT-0176
FMORT-0177,FMORT-0177
FMORT-0178,FMORT-0178
FMORT-0179,FMORT-0179
FMORT-0180,FMORT-0180
FMORT-0181,FMORT-0181
FMORT-0191,FMORT-0191
FMORT-0193,FMORT-0193
FMORT-0194,FMORT-0194
FMORT-0196,FMORT-0196
FMORT-0197,FMORT-0197
FMORT-0198,FMORT-0198
FMORT-0199,FMORT-0199
FMORT-0200,FMORT-0200
FMORT-0201,FMORT-0201
FMORT-0202,FMORT-0202
FMORT-0203,FMORT-0203
FMORT-0204,FMORT-0204
FMORT-0206,FMORT-0206
FMORT-0207,FMORT-0207
FMORT-0208,FMORT-0208
FMORT-0209,FMORT-0209
FMORT-0210,FMORT-0210
FMORT-0211,FMORT-0211
FMORT-0212,FMORT-0212
FMORT-0214,FMORT-0214
FMORT-0215,FMORT-0215
FMORT-0216,FMORT-0216
FMORT-0218,FMORT-0218
FMORT-0219,FMORT-0219
FMORT-0220,FMORT-0220
FMORT-0221,FMORT-0221
FMORT-0222,FMORT-0222
FMORT-0223,FMORT-0223
FMORT-0224,FMORT-0224
FMORT-0229,FMORT-0229
FMORT-0230,FMORT-0230
FMORT-0231,FMORT-0231
FMORT-0232,FMORT-0232
FMORT-0233,FMORT-0233
FMORT-0235,FMORT-0235
FMORT-0237,FMORT-0237
FMORT-0238,FMORT-0238
FMORT-0240,FMORT-0240
FMORT-0241,FMORT-0241
FMORT-0242,FMORT-0242
FMORT-0243,FMORT-0243
FMORT-0244,FMORT-0244
FMORT-0245,FMORT-0245
FMORT-0246,FMORT-0246
FMORT-0248,FMORT-0248
FMORT-0250,FMORT-0250
FMORT-0253,FMORT-0253
FMORT-0254,FMORT-0254
FMORT-0255,FMORT-0255
FMORT-0256,FMORT-0256
FMORT-0257,FMORT-0257
FMORT-0259,FMORT-0259
FMORT-0260,FMORT-0260
FMORT-0261,FMORT-0261
FMORT-0263,FMORT-0263
FMORT-0265,FMORT-0265
FMORT-0268,FMORT-0268
FMORT-0269,FMORT-0269
FMORT-0270,FMORT-0270
FMORT-0271,FMORT-0271
FMORT-0272,FMORT-0272
FMORT-0273,FMORT-0273
FMORT-0274,FMORT-0274
FMORT-0275,FMORT-0275
FMORT-0276,FMORT-0276
FMORT-0277,FMORT-0277
FMORT-0279,FMORT-0279
FMORT-0280,FMORT-0280
FMORT-0281,FMORT-0281
FMORT-0282,FMORT-0282
FMORT-0283,FMORT-0283
FMORT-0284,FMORT-0284
FMORT-0288,FMORT-0288
FMORT-0289,FMORT-0289
FMORT-0291,FMORT-0291
FMORT-0292,FMORT-0292
FMORT-0295,FMORT-0295
FMORT-0296,FMORT-0296
FMORT-0298,FMORT-0298
FMORT-0299,FMORT-0299
FMORT-0300,FMORT-0300
FMORT-0302,FMORT-0302
FMORT-0303,FMORT-0303
FMORT-0304,FMORT-0304
FMORT-0305,FMORT-0305
FMORT-0306,FMORT-0306
FMORT-0307,FMORT-0307
FMORT-0308,FMORT-0308
FMORT-0309,FMORT-0309
FMORT-0311,FMORT-0311
FMORT-0312,FMORT-0312
FMORT-0314,FMORT-0314
FMORT-0315,FMORT-0315
FMORT-0316,FMORT-0316
FMORT-0317,FMORT-0317
FMORT-0318,FMORT-0318
FMORT-0319,FMORT-0319
FMORT-0320,FMORT-0320
FMORT-0321,FMORT-0321
FMORT-0322,FMORT-0322
FMORT-0323,FMORT-0323
FMORT-0324,FMORT-0324
FMORT-0325,FMORT-0325
FMORT-0326,FMORT-0326
FMORT-0327,FMORT-0327
FMORT-0328,FMORT-0328
FMORT-0329,FMORT-0329
FMORT-0330,FMORT-0330
FMORT-0331,FMORT-0331
FMORT-0333,FMORT-0333
FMORT-0334,FMORT-0334
FMORT-0335,FMORT-0335
FMORT-0336,FMORT-0336
FMORT-0337,FMORT-0337
FMORT-0338,FMORT-0338
FMORT-0339,FMORT-0339
FMORT-0340,FMORT-0340
FMORT-0341,FMORT-0341
FMORT-0343,FMORT-0343
FMORT-0345,FMORT-0345
FMORT-0346,FMORT-0346
FMORT-0347,FMORT-0347
FMORT-0352,FMORT-0352
FMORT-0353,FMORT-0353
FMORT-0361,FMORT-0361
FMORT-0362,FMORT-0362
FMORT-0363,FMORT-0363
FMORT-0364,FMORT-0364
FMORT-0365,FMORT-0365
FMORT-0366,FMORT-0366
FMORT-0367,FMORT-0367
FMORT-0368,FMORT-0368
FMORT-0370,FMORT-0370
FMORT-0378,FMORT-0378
FMORT-0379,FMORT-0379
FMORT-0380,FMORT-0380
FMORT-0381,FMORT-0381
FMORT-0382,FMORT-0382
FMORT-0383,FMORT-0383
FMORT-0384,FMORT-0384
FMORT-0385,FMORT-0385
FMORT-0386,FMORT-0386
FMORT-0387,FMORT-0387
FMORT-0388,FMORT-0388
FMORT-0389,FMORT-0389
FMORT-0390,FMORT-0390
FMORT-0393,FMORT-0393
FMORT-0395,FMORT-0395
FMORT-0397,FMORT-0397
FMORT-0401,FMORT-0401
FMORT-0402,FMORT-0402
FMORT-0403,FMORT-0403
FMORT-0404,FMORT-0404
FMORT-0405,FMORT-0405
FMORT-0406,FMORT-0406
FMORT-0407,FMORT-0407
FMORT-0408,FMORT-0408
FMORT-0409,FMORT-0409
FMORT-0410,FMORT-0410
FMORT-0411,FMORT-0411
FMORT-0412,FMORT-0412
FMORT-0413,FMORT-0413
FMORT-0414,FMORT-0414
FMORT-0415,FMORT-0415
FMORT-0417,FMORT-0417
FMORT-0418,FMORT-0418
FMORT-0419,FMORT-0419
FMORT-0420,FMORT-0420
FMORT-0421,FMORT-0421
FMORT-0422,FMORT-0422
FMORT-0423,FMORT-0423
FMORT-0424,FMORT-0424
FMORT-0425,FMORT-0425
FMORT-0426,FMORT-0426
FMORT-0428,FMORT-0428
FMORT-0429,FMORT-0429
FMORT-0430,FMORT-0430
FMORT-0433,FMORT-0433
FMORT-0434,FMORT-0434
FMORT-0435,FMORT-0435
FMORT-0436,FMORT-0436
FMORT-0437,FMORT-0437
FMORT-0438,FMORT-0438
FMORT-0440,FMORT-0440
FMORT-0441,FMORT-0441
FMORT-0443,FMORT-0443
FMORT-0444,FMORT-0444
FMORT-0445,FMORT-0445
FMORT-0446,FMORT-0446
FMORT-0447,FMORT-0447
FMORT-0449,FMORT-0449
FMORT-0450,FMORT-0450
FMORT-0451,FMORT-0451
FMORT-0452,FMORT-0452
FMORT-0453,FMORT-0453
FMORT-0455,FMORT-0455
FMORT-0456,FMORT-0456
FMORT-0460,FMORT-0460
FMORT-0461,FMORT-0461
FMORT-0462,FMORT-0462
FMORT-0463,FMORT-0463
FMORT-0464,FMORT-0464
FMORT-0465,FMORT-0465
FMORT-0466,FMORT-0466
FMORT-0467,FMORT-0467
FMORT-0468,FMORT-0468
FMORT-0469,FMORT-0469
FMORT-0470,FMORT-0470
FMORT-0471,FMORT-0471
FMORT-0472,FMORT-0472
FMORT-0474,FMORT-0474
FMORT-0475,FMORT-0475
FMORT-0476,FMORT-0476
FMORT-0477,FMORT-0477
FMORT-0479,FMORT-0479
FMORT-0480,FMORT-0480
FMORT-0482,FMORT-0482
FMORT-0483,FMORT-0483
FMORT-0485,FMORT-0485
FMORT-0486,FMORT-0486
FMORT-0487,FMORT-0487
FMORT-0489,FMORT-0489
FMORT-0490,FMORT-0490
FMORT-0492,FMORT-0492
FMORT-0493,FMORT-0493
FMORT-0494,FMORT-0494
FMORT-0495,FMORT-0495
FMORT-0496,FMORT-0496
FMORT-0497,FMORT-0497
FMORT-0498,FMORT-0498
FMORT-0499,FMORT-0499
FMORT-0500,FMORT-0500
FMORT-0501,FMORT-0501
FMORT-0502,FMORT-0502
FMORT-0504,FMORT-0504
FMORT-0505,FMORT-0505
FMORT-0506,FMORT-0506
FMORT-0507,FMORT-0507
FMORT-0508,FMORT-0508
FMORT-0510,FMORT-0510
FMORT-0511,FMORT-0511
FMORT-0514,FMORT-0514
FMORT-0515,FMORT-0515
FMORT-0516,FMORT-0516
FMORT-0517,FMORT-0517
FMORT-0518,FMORT-0518
FMORT-0521,FMORT-0521
FMORT-0522,FMORT-0522
FMORT-0525,FMORT-0525
FMORT-0526,FMORT-0526
FMORT-0527,FMORT-0527
FMORT-0528,FMORT-0528
FMORT-0530,FMORT-0530
FMORT-0531,FMORT-0531
FMORT-0532,FMORT-0532
FMORT-0533,FMORT-0533
FMORT-0538,FMORT-0538
FMORT-0541,FMORT-0541
FMORT-0542,FMORT-0542
FMORT-0543,FMORT-0543
FMORT-0544,FMORT-0544
FMORT-0547,FMORT-0547
FMORT-0549,FMORT-0549
FMORT-0550,FMORT-0550
FMORT-0559,FMORT-0559
FMORT-0561,FMORT-0561
FMORT-0562,FMORT-0562
FMORT-0565,FMORT-0565
FMORT-0566,FMORT-0566
FMORT-0567,FMORT-0567
FMORT-0568,FMORT-0568
FMORT-0569,FMORT-0569
FMORT-0570,FMORT-0570
FMORT-0571,FMORT-0571
FMORT-0574,FMORT-0574
FMORT-0575,FMORT-0575
FMORT-0576,FMORT-0576
FMORT-0578,FMORT-0578
FMORT-0579,FMORT-0579
FMORT-0580,FMORT-0580
FMORT-0582,FMORT-0582
FMORT-0583,FMORT-0583
FMORT-0589,FMORT-0589
FMORT-0591,FMORT-0591
FMORT-0592,FMORT-0592
FMORT-0593,FMORT-0593
FMORT-0594,FMORT-0594
FMORT-0595,FMORT-0595
FMORT-0596,FMORT-0596
FMORT-0597,FMORT-0597
FMORT-0598,FMORT-0598
FMORT-0599,FMORT-0599
FMORT-0600,FMORT-0600
FMORT-0601,FMORT-0601
FMORT-0602,FMORT-0602
FMORT-0603,FMORT-0603
FMORT-0604,FMORT-0604
FMORT-0605,FMORT-0605
FMORT-0609,FMORT-0609
FMORT-0610,FMORT-0610
FMORT-0611,FMORT-0611
FMORT-0612,FMORT-0612
FMORT-0613,FMORT-0613
FMORT-0614,FMORT-0614
FMORT-0615,FMORT-0615
FMORT-0616,FMORT-0616
FMORT-0618,FMORT-0618
FMORT-0619,FMORT-0619
FMORT-0630,FMORT-0630
FMORT-0631,FMORT-0631
FMORT-0632,FMORT-0632
FMORT-0633,FMORT-0633
FMORT-0634,FMORT-0634
FMORT-0635,FMORT-0635
FMORT-0636,FMORT-0636
FMORT-0637,FMORT-0637
FMORT-0641,FMORT-0641
FMORT-0644,FMORT-0644
FMORT-0646,FMORT-0646
FMORT-0647,FMORT-0647
FMORT-0649,FMORT-0649
FMORT-0650,FMORT-0650
FMORT-0651,FMORT-0651
FMORT-0652,FMORT-0652
FMORT-0653,FMORT-0653
FMORT-0654,FMORT-0654
FMORT-0655,FMORT-0655
FMORT-0656,FMORT-0656
FMORT-0657,FMORT-0657
FMORT-0658,FMORT-0658
FMORT-0659,FMORT-0659
FMORT-0660,FMORT-0660
FMORT-0661,FMORT-0661
FMORT-0662,FMORT-0662
FMORT-0663,FMORT-0663
FMORT-0664,FMORT-0664
FMORT-0666,FMORT-0666
FMORT-0667,FMORT-0667
FMORT-0668,FMORT-0668
FMORT-0669,FMORT-0669
FMORT-0670,FMORT-0670
FMORT-0671,FMORT-0671
FMORT-0672,FMORT-0672
FMORT-0673,FMORT-0673
FMORT-0674,FMORT-0674
FMORT-0675,FMORT-0675
FMORT-0676,FMORT-0676
FMORT-0677,FMORT-0677
FMORT-0678,FMORT-0678
FMORT-0679,FMORT-0679
FMORT-0680,FMORT-0680
FMORT-0681,FMORT-0681
FMORT-0682,FMORT-0682
FMORT-0683,FMORT-0683
FMORT-0685,FMORT-0685
FMORT-0686,FMORT-0686
FMORT-0687,FMORT-0687
FMORT-0688,FMORT-0688
FMORT-0690,FMORT-0690
FMORT-0691,FMORT-0691
FMORT-0692,FMORT-0692
FMORT-0693,FMORT-0693
FMORT-0694,FMORT-0694
FMORT-0695,FMORT-0695
FMORT-0696,FMORT-0696
FMORT-0697,FMORT-0697
FMORT-0698,FMORT-0698
FMORT-0699,FMORT-0699
FMORT-0700,FMORT-0700
FMORT-0701,FMORT-0701
FMORT-0702,FMORT-0702
FMORT-0704,FMORT-0704
FMORT-0705,FMORT-0705
FMORT-0706,FMORT-0706
FMORT-0707,FMORT-0707
FMORT-0708,FMORT-0708
FMORT-0709,FMORT-0709
FMORT-0712,FMORT-0712
FMORT-0713,FMORT-0713
FMORT-0714,FMORT-0714
FMORT-0715,FMORT-0715
FMORT-0716,FMORT-0716
FMORT-0718,FMORT-0718
FMORT-0720,FMORT-0720
FMORT-0721,FMORT-0721
FMORT-0722,FMORT-0722
FMORT-0723,FMORT-0723
FMORT-0724,FMORT-0724
FMORT-0725,FMORT-0725
FMORT-0726,FMORT-0726
FMORT-0727,FMORT-0727
FMORT-0728,FMORT-0728
FMORT-0729,FMORT-0729
FMORT-0732,FMORT-0732
FMORT-0733,FMORT-0733
FMORT-0737,FMORT-0737
FMORT-0738,FMORT-0738
FMORT-0739,FMORT-0739
FMORT-0740,FMORT-0740
FMORT-0741,FMORT-0741
FMORT-0742,FMORT-0742
FMORT-0745,FMORT-0745
FMORT-0746,FMORT-0746
FMORT-0747,FMORT-0747
FMORT-0748,FMORT-0748
FMORT-0749,FMORT-0749
FMORT-0752,FMORT-0752
FMORT-0753,FMORT-0753
FMORT-0755,FMORT-0755
FMORT-0757,FMORT-0757
FMORT-0758,FMORT-0758
FMORT-0760,FMORT-0760
FMORT-0761,FMORT-0761
FMORT-0762,FMORT-0762
FMORT-0763,FMORT-0763
FMORT-0764,FMORT-0764
FMORT-0766,FMORT-0766
FMORT-0767,FMORT-0767
FMORT-0768,FMORT-0768
FMORT-0769,FMORT-0769
FMORT-0771,FMORT-0771
FMORT-0772,FMORT-0772
FMORT-0773,FMORT-0773
FMORT-0774,FMORT-0774
FMORT-0775,FMORT-0775
FMORT-0776,FMORT-0776
FMORT-0777,FMORT-0777
FMORT-0778,FMORT-0778
FMORT-0779,FMORT-0779
FMORT-0780,FMORT-0780
FMORT-0781,FMORT-0781
FMORT-0782,FMORT-0782
FMORT-0783,FMORT-0783
FMORT-0784,FMORT-0784
FMORT-0785,FMORT-0785
FMORT-0788,FMORT-0788
FMORT-0789,FMORT-0789
FMORT-0790,FMORT-0790
FMORT-0791,FMORT-0791
FMORT-0792,FMORT-0792
FMORT-0800,FMORT-0800
FMORT-0801,FMORT-0801
FMORT-0802,FMORT-0802
FMORT-0803,FMORT-0803
FMORT-0804,FMORT-0804
FMORT-0805,FMORT-0805
FMORT-0806,FMORT-0806
FMORT-0809,FMORT-0809
FMORT-0810,FMORT-0810
FMORT-0811,FMORT-0811
FMORT-0812,FMORT-0812
FMORT-0813,FMORT-0813
FMORT-0815,FMORT-0815
FMORT-3000,FMORT-3000
FMORT-3001,FMORT-3001
FMORT-3002,FMORT-3002
FMORT-3003,FMORT-3003
FMORT-3004,FMORT-3004
FMORT-9000,FMORT-9000
FMORT-9903,FMORT-9903
FMORT-9905,FMORT-9905
FMORT-9915,FMORT-9915
FMORT-9918,FMORT-9918
FMORT-9919,FMORT-9919
FMORW-0006,FMORW-0006
FMORW-0007,FMORW-0007
FMORW-0008,FMORW-0008
FMORW-0009,FMORW-0009
FMORW-0010,FMORW-0010
FMORW-0011,FMORW-0011
FMORW-0012,FMORW-0012
FMORW-0013,FMORW-0013
FMORW-0015,FMORW-0015
FMORW-0016,FMORW-0016
FMORW-0017,FMORW-0017
FMORW-0018,FMORW-0018
FMORW-0019,FMORW-0019
FMORW-0020,FMORW-0020
FMORW-0021,FMORW-0021
FMORW-0022,FMORW-0022
FMORW-0023,FMORW-0023
FMORW-0024,FMORW-0024
FMORW-0025,FMORW-0025
FMORW-0026,FMORW-0026
FMORW-0027,FMORW-0027
FMORW-0028,FMORW-0028
FMORW-0029,FMORW-0029
FMORW-0030,FMORW-0030
FMORW-0031,FMORW-0031
FMORW-0032,FMORW-0032
FMORW-0033,FMORW-0033
FMORW-0034,FMORW-0034
FMORW-0035,FMORW-0035
FMORW-0036,FMORW-0036
FMORW-0037,FMORW-0037
FMORW-0038,FMORW-0038
FMORW-0039,FMORW-0039
FMORW-0040,FMORW-0040
FMORW-0041,FMORW-0041
FMORW-0042,FMORW-0042
FMORW-0043,FMORW-0043
FMORW-0044,FMORW-0044
FMORW-0045,FMORW-0045
FMORW-0046,FMORW-0046
FMORW-0047,FMORW-0047
FMORW-0048,FMORW-0048
FMORW-0049,FMORW-0049
FMORW-0050,FMORW-0050
FMORW-0051,FMORW-0051
FMORW-0052,FMORW-0052
FMORW-0053,FMORW-0053
FMORW-0054,FMORW-0054
FMORW-0055,FMORW-0055
FMORW-0056,FMORW-0056
FMORW-0057,FMORW-0057
FMORW-0058,FMORW-0058
FMORW-0059,FMORW-0059
FMORW-0060,FMORW-0060
FMORW-0061,FMORW-0061
FMORW-0062,FMORW-0062
FMORW-0063,FMORW-0063
FMORW-0064,FMORW-0064
FMORW-0065,FMORW-0065
FMORW-0066,FMORW-0066
FMORW-0067,FMORW-0067
FMORW-0068,FMORW-0068
FMORW-0069,FMORW-0069
FMORW-0070,FMORW-0070
FMORW-0071,FMORW-0071
FMORW-0072,FMORW-0072
FMORW-0073,FMORW-0073
FMORW-0074,FMORW-0074
FMORW-0075,FMORW-0075
FMORW-0076,FMORW-0076
FMORW-0077,FMORW-0077
FMORW-0078,FMORW-0078
FMORW-0079,FMORW-0079
FMORW-0080,FMORW-0080
FMORW-0081,FMORW-0081
FMORW-0082,FMORW-0082
FMORW-0083,FMORW-0083
FMORW-0085,FMORW-0085
FMORW-0086,FMORW-0086
FMORW-0087,FMORW-0087
FMORW-0088,FMORW-0088
FMORW-0089,FMORW-0089
FMORW-0090,FMORW-0090
FMORW-0091,FMORW-0091
FMORW-0092,FMORW-0092
FMORW-0093,FMORW-0093
FMORW-0094,FMORW-0094
FMORW-0096,FMORW-0096
FMORW-0097,FMORW-0097
FMORW-0098,FMORW-0098
FMORW-0099,FMORW-0099
FMORW-0100,FMORW-0100
FMORW-0101,FMORW-0101
FMORW-0102,FMORW-0102
FMORW-0103,FMORW-0103
FMORW-0104,FMORW-0104
FMORW-0105,FMORW-0105
FMORW-0106,FMORW-0106
FMORW-0107,FMORW-0107
FMORW-0108,FMORW-0108
FMORW-0109,FMORW-0109
FMORW-0110,FMORW-0110
FMORW-0112,FMORW-0112
FMORW-0113,FMORW-0113
FMORW-0114,FMORW-0114
FMORW-0115,FMORW-0115
FMORW-0116,FMORW-0116
FMORW-0117,FMORW-0117
FMORW-0118,FMORW-0118
FMORW-0119,FMORW-0119
FMORW-0120,FMORW-0120
FMORW-0121,FMORW-0121
FMORW-0122,FMORW-0122
FMORW-0123,FMORW-0123
FMORW-0124,FMORW-0124
FMORW-0125,FMORW-0125
FMORW-0126,FMORW-0126
FMORW-0127,FMORW-0127
FMORW-0129,FMORW-0129
FMORW-0130,FMORW-0130
FMORW-0131,FMORW-0131
FMORW-0132,FMORW-0132
FMORW-0133,FMORW-0133
FMORW-0134,FMORW-0134
FMORW-0135,FMORW-0135
FMORW-0136,FMORW-0136
FMORW-0137,FMORW-0137
FMORW-0138,FMORW-0138
FMORW-0139,FMORW-0139
FMORW-0140,FMORW-0140
FMORW-0141,FMORW-0141
FMORW-0142,FMORW-0142
FMORW-0143,FMORW-0143
FMORW-0144,FMORW-0144
FMORW-0145,FMORW-0145
FMORW-0146,FMORW-0146
FMORW-0147,FMORW-0147
FMORW-0148,FMORW-0148
FMORW-0149,FMORW-0149
FMPDS-0005,FMPDS-0005
FMPDS-0006,FMPDS-0006
FMPDS-0007,FMPDS-0007
FMPDS-0025,FMPDS-0025
FMPDS-0033,FMPDS-0033
FMPDT-0002,FMPDT-0002
FMPDT-0003,FMPDT-0003
FMPDT-0004,FMPDT-0004
FMPDT-0006,FMPDT-0006
FMPDT-0007,FMPDT-0007
FMPDT-0010,FMPDT-0010
FMPDT-0011,FMPDT-0011
FMPDT-0012,FMPDT-0012
FMPDT-0013,FMPDT-0013
FMPDT-0014,FMPDT-0014
FMPDT-0016,FMPDT-0016
FMPDT-0018,FMPDT-0018
FMPDT-0022,FMPDT-0022
FMPDT-0024,FMPDT-0024
FMPDT-0026,FMPDT-0026
FMPDT-0028,FMPDT-0028
FMPDT-0032,FMPDT-0032
FMPDT-0036,FMPDT-0036
FMPDT-0037,FMPDT-0037
FMPDT-0038,FMPDT-0038
FMPDT-0039,FMPDT-0039
FMPDT-0040,FMPDT-0040
FMPDT-0048,FMPDT-0048
FMPDT-0050,FMPDT-0050
FMPDT-0057,FMPDT-0057
FMPDT-0063,FMPDT-0063
FMPDT-0083,FMPDT-0083
FMPDT-0085,FMPDT-0085
FMPDT-0090,FMPDT-0090
FMPDT-0093,FMPDT-0093
FMPDT-0095,FMPDT-0095
FMPDT-0098,FMPDT-0098
FMPDT-0109,FMPDT-0109
FMPDT-0113,FMPDT-0113
FMPDT-0121,FMPDT-0121
FMPDT-0122,FMPDT-0122
FMPDT-0123,FMPDT-0123
FMPDT-0128,FMPDT-0128
FMPDT-0136,FMPDT-0136
FMPDT-0137,FMPDT-0137
FMPDT-0138,FMPDT-0138
FMPDT-0140,FMPDT-0140
FMPDT-0143,FMPDT-0143
FMPDT-0157,FMPDT-0157
FMPDT-0158,FMPDT-0158
FMPDT-0159,FMPDT-0159
FMPDT-0168,FMPDT-0168
FMPDT-0169,FMPDT-0169
FMPDT-0170,FMPDT-0170
FMPDT-0171,FMPDT-0171
FMPDT-0173,FMPDT-0173
FMPDT-0174,FMPDT-0174
FMPDT-0175,FMPDT-0175
FMPDT-0177,FMPDT-0177
FMPDT-0178,FMPDT-0178
FMPDT-0179,FMPDT-0179
FMPDT-0180,FMPDT-0180
FMPDT-0181,FMPDT-0181
FMPDT-0183,FMPDT-0183
FMPDT-1000,FMPDT-1000
FMPDT-9998,FMPDT-9998
FMPDTC0003,FMPDTC0003
FMPDTC0004,FMPDTC0004
FMPDTC0005,FMPDTC0005
FMPDTO0003,FMPDTO0003
FMPDTO0004,FMPDTO0004
FMPDTO0006,FMPDTO0006
FMPDTO0009,FMPDTO0009
FMPSD-0004,FMPSD-0004
FMPSD-0005,FMPSD-0005
FMPSD-0006,FMPSD-0006
FMPSD-0011,FMPSD-0011
FMPSDA0010,FMPSDA0010
FMPSDA0013,FMPSDA0013
FMPSDA0025,FMPSDA0025
FMPSDA0026,FMPSDA0026
FMPSDA0027,FMPSDA0027
FMPSDA0028,FMPSDA0028
FMPSDA0029,FMPSDA0029
FMPSDA0030,FMPSDA0030
FMPSDA0034,FMPSDA0034
FMPSDA0035,FMPSDA0035
FMPSDA0036,FMPSDA0036
FMPSDA0037,FMPSDA0037
FMPSDA0038,FMPSDA0038
FMPSDA0039,FMPSDA0039
FMPSDA0040,FMPSDA0040
FMPSDA0041,FMPSDA0041
FMPSDA0042,FMPSDA0042
FMPSDA0043,FMPSDA0043
FMPSDA0045,FMPSDA0045
FMPSDA0046,FMPSDA0046
FMPSDB0002,FMPSDB0002
FMPSDB0005,FMPSDB0005
FMPSDE0010,FMPSDE0010
FMPSDE0039,FMPSDE0039
FMPSDE0040,FMPSDE0040
FMPSDE0050,FMPSDE0050
FMPSDF0012,FMPSDF0012
FMPSDF0014,FMPSDF0014
FMPSDF0022,FMPSDF0022
FMPSDF0023,FMPSDF0023
FMPSDG0009,FMPSDG0009
FMPSDH0002,FMPSDH0002
FMPSDH0003,FMPSDH0003
FMPSDH0004,FMPSDH0004
FMPSDH0005,FMPSDH0005
FMPSDH0006,FMPSDH0006
FMPSDH0007,FMPSDH0007
FMPSDH0008,FMPSDH0008
FMPSDH0009,FMPSDH0009
FMPSDH0010,FMPSDH0010
FMPSDH0011,FMPSDH0011
FMPSDJ0001,FMPSDJ0001
FMPSDJ0013,FMPSDJ0013
FMPSDJ0014,FMPSDJ0014
FMPSDJ0016,FMPSDJ0016
FMPSDJ0020,FMPSDJ0020
FMPSDJ0026,FMPSDJ0026
FMPSDJ0027,FMPSDJ0027
FMPSDJ0028,FMPSDJ0028
FMPSDJ0029,FMPSDJ0029
FMPSDJ0030,FMPSDJ0030
FMPSDJ0031,FMPSDJ0031
FMPSDJ0033,FMPSDJ0033
FMPSDJ0040,FMPSDJ0040
FMPSYA0004,FMPSYA0004
FMPSYA0005,FMPSYA0005
FMPSYA0009,FMPSYA0009
FMPSYA0010,FMPSYA0010
FMPSYA0011,FMPSYA0011
FMPSYA0012,FMPSYA0012
FMPSYA0018,FMPSYA0018
FMPSYA0021,FMPSYA0021
FMPSYA0028,FMPSYA0028
FMPSYA0029,FMPSYA0029
FMPSYA0032,FMPSYA0032
FMPSYA0033,FMPSYA0033
FMPSYA0034,FMPSYA0034
FMPSYA0035,FMPSYA0035
FMPSYA0037,FMPSYA0037
FMPSYA0038,FMPSYA0038
FMPSYA0042,FMPSYA0042
FMPSYA0043,FMPSYA0043
FMPSYA0044,FMPSYA0044
FMPSYA0045,FMPSYA0045
FMPSYA0046,FMPSYA0046
FMPSYA0047,FMPSYA0047
FMPSYA0049,FMPSYA0049
FMPSYA0050,FMPSYA0050
FMPSYA0051,FMPSYA0051
FMPSYA0052,FMPSYA0052
FMPSYA0053,FMPSYA0053
FMPSYA0054,FMPSYA0054
FMPSYA0055,FMPSYA0055
FMPSYA0056,FMPSYA0056
FMPSYA0057,FMPSYA0057
FMPSYA0060,FMPSYA0060
FMPSYB0001,FMPSYB0001
FMPSYB0002,FMPSYB0002
FMPSYB0003,FMPSYB0003
FMPSYB0004,FMPSYB0004
FMPSYB0005,FMPSYB0005
FMPSYB0006,FMPSYB0006
FMPSYB0007,FMPSYB0007
FMPSYB0008,FMPSYB0008
FMPSYB0009,FMPSYB0009
FMPSYB0010,FMPSYB0010
FMPSYB0011,FMPSYB0011
FMPSYB0012,FMPSYB0012
FMPSYB0014,FMPSYB0014
FMPSYB0015,FMPSYB0015
FMPSYB0016,FMPSYB0016
FMPSYB0018,FMPSYB0018
FMPSYB0019,FMPSYB0019
FMPSYB0023,FMPSYB0023
FMPSYB0024,FMPSYB0024
FMPSYB0025,FMPSYB0025
FMPSYB0027,FMPSYB0027
FMPSYB0029,FMPSYB0029
FMPSYB0034,FMPSYB0034
FMPSYB0035,FMPSYB0035
FMPSYB0036,FMPSYB0036
FMPSYB0037,FMPSYB0037
FMPSYB0038,FMPSYB0038
FMPSYB0039,FMPSYB0039
FMPSYB0040,FMPSYB0040
FMPSYB0041,FMPSYB0041
FMPSYB0042,FMPSYB0042
FMPSYB0044,FMPSYB0044
FMPSYB0045,FMPSYB0045
FMPSYB0046,FMPSYB0046
FMPSYB0048,FMPSYB0048
FMPSYB0049,FMPSYB0049
FMPSYB0050,FMPSYB0050
FMPSYB0051,FMPSYB0051
FMPSYB0052,FMPSYB0052
FMPSYB0053,FMPSYB0053
FMPSYB0054,FMPSYB0054
FMPSYB0055,FMPSYB0055
FMPSYB0056,FMPSYB0056
FMPSYB0057,FMPSYB0057
FMPSYB0058,FMPSYB0058
FMPSYB0059,FMPSYB0059
FMPSYB0060,FMPSYB0060
FMPSYC0001,FMPSYC0001
FMPSYC0002,FMPSYC0002
FMPSYC0003,FMPSYC0003
FMPSYC0004,FMPSYC0004
FMPSYC0005,FMPSYC0005
FMPSYC0006,FMPSYC0006
FMPSYC0007,FMPSYC0007
FMPSYC0008,FMPSYC0008
FMPSYC0009,FMPSYC0009
FMPSYC0010,FMPSYC0010
FMPSYC0011,FMPSYC0011
FMPSYC0012,FMPSYC0012
FMPSYC0013,FMPSYC0013
FMPSYC0014,FMPSYC0014
FMPSYC0015,FMPSYC0015
FMPSYC0016,FMPSYC0016
FMPSYC0017,FMPSYC0017
FMPSYC0018,FMPSYC0018
FMPSYC0019,FMPSYC0019
FMPSYC0020,FMPSYC0020
FMPSYC0021,FMPSYC0021
FMPSYC0022,FMPSYC0022
FMPSYC0023,FMPSYC0023
FMPSYC0024,FMPSYC0024
FMPSYC0025,FMPSYC0025
FMPSYC0026,FMPSYC0026
FMPSYC0027,FMPSYC0027
FMPSYC0028,FMPSYC0028
FMPSYC0029,FMPSYC0029
FMPTD-0001,FMPTD-0001
FMPTD-0003,FMPTD-0003
FMPTD-0005,FMPTD-0005
FMPTD-0007,FMPTD-0007
FMPTD-0009,FMPTD-0009
FMPTD-0010,FMPTD-0010
FMPTD-0011,FMPTD-0011
FMPTD-0012,FMPTD-0012
FMPTD-0013,FMPTD-0013
FMPTD-0014,FMPTD-0014
FMPTD-0015,FMPTD-0015
FMPTD-0016,FMPTD-0016
FMPTD-0017,FMPTD-0017
FMPTD-0019,FMPTD-0019
FMPTD-0020,FMPTD-0020
FMPTD-0021,FMPTD-0021
FMPTD-0023,FMPTD-0023
FMPTD-0024,FMPTD-0024
FMPTD-0025,FMPTD-0025
FMPTD-0026,FMPTD-0026
FMPTD-0027,FMPTD-0027
FMPTD-0028,FMPTD-0028
FMPTD-0029,FMPTD-0029
FMPTD-0030,FMPTD-0030
FMPTD-0031,FMPTD-0031
FMPTD-0032,FMPTD-0032
FMPTD-0034,FMPTD-0034
FMPTD-0035,FMPTD-0035
FMPTD-0036,FMPTD-0036
FMPTD-0037,FMPTD-0037
FMPTD-0038,FMPTD-0038
FMPTD-0041,FMPTD-0041
FMPTD-0042,FMPTD-0042
FMPTD-0043,FMPTD-0043
FMPTD-0044,FMPTD-0044
FMPTD-0045,FMPTD-0045
FMPTD-0046,FMPTD-0046
FMPTD-0047,FMPTD-0047
FMPTD-0048,FMPTD-0048
FMPTD-0049,FMPTD-0049
FMPTD-0050,FMPTD-0050
FMPTD-0051,FMPTD-0051
FMPTD-0052,FMPTD-0052
FMPTD-0053,FMPTD-0053
FMPTD-0054,FMPTD-0054
FMPTD-0055,FMPTD-0055
FMPTD-0056,FMPTD-0056
FMPTD-0057,FMPTD-0057
FMPTD-0058,FMPTD-0058
FMPTD-0059,FMPTD-0059
FMPTD-0060,FMPTD-0060
FMPTD-0061,FMPTD-0061
FMPTD-0062,FMPTD-0062
FMPTD-0063,FMPTD-0063
FMPTD-0064,FMPTD-0064
FMPTD-0065,FMPTD-0065
FMPTD-0067,FMPTD-0067
FMPTD-0068,FMPTD-0068
FMPTD-0069,FMPTD-0069
FMPTD-0070,FMPTD-0070
FMPTD-0071,FMPTD-0071
FMPTD-0072,FMPTD-0072
FMPTD-0073,FMPTD-0073
FMPTD-0074,FMPTD-0074
FMPTD-0075,FMPTD-0075
FMPTD-0076,FMPTD-0076
FMPTD-0077,FMPTD-0077
FMPTD-0078,FMPTD-0078
FMPTD-0079,FMPTD-0079
FMPTD-0080,FMPTD-0080
FMPTD-0081,FMPTD-0081
FMPTD-0082,FMPTD-0082
FMPTD-0083,FMPTD-0083
FMPTD-0084,FMPTD-0084
FMPTD-0086,FMPTD-0086
FMPTD-0087,FMPTD-0087
FMPTD-0088,FMPTD-0088
FMPTD-0089,FMPTD-0089
FMPTD-0090,FMPTD-0090
FMPTD-0091,FMPTD-0091
FMPTD-0092,FMPTD-0092
FMPTD-0093,FMPTD-0093
FMPTD-0094,FMPTD-0094
FMPTD-0095,FMPTD-0095
FMPTD-0096,FMPTD-0096
FMPTD-0097,FMPTD-0097
FMPTD-0098,FMPTD-0098
FMPTD-0099,FMPTD-0099
FMPTD-0100,FMPTD-0100
FMPTD-0101,FMPTD-0101
FMPTD-0102,FMPTD-0102
FMPTD-0103,FMPTD-0103
FMPTD-0104,FMPTD-0104
FMPTD-0105,FMPTD-0105
FMPTD-0106,FMPTD-0106
FMPTD-0107,FMPTD-0107
FMPTD-0108,FMPTD-0108
FMPTD-0109,FMPTD-0109
FMPTD-0110,FMPTD-0110
FMPTD-0111,FMPTD-0111
FMPTD-0112,FMPTD-0112
FMPTD-0113,FMPTD-0113
FMPTD-0114,FMPTD-0114
FMPTD-0115,FMPTD-0115
FMPTD-0116,FMPTD-0116
FMPTD-0117,FMPTD-0117
FMPTD-0118,FMPTD-0118
FMPTD-0119,FMPTD-0119
FMPTD-0121,FMPTD-0121
FMPTD-0122,FMPTD-0122
FMPTD-0123,FMPTD-0123
FMPTD-0124,FMPTD-0124
FMPTD-0125,FMPTD-0125
FMPTD-0126,FMPTD-0126
FMPTD-0127,FMPTD-0127
FMPTD-1001,FMPTD-1001
FMPTD-2056,FMPTD-2056
FMPTD-2057,FMPTD-2057
FMPTD-2058,FMPTD-2058
FMPTD-2059,FMPTD-2059
FMPTD-2060,FMPTD-2060
FMPTD-2061,FMPTD-2061
FMPTD-2063,FMPTD-2063
FMPTD-2064,FMPTD-2064
FMPTD-2065,FMPTD-2065
FMPTD-2066,FMPTD-2066
FMPTD-2067,FMPTD-2067
FMPTD-2068,FMPTD-2068
FMPTD-2069,FMPTD-2069
FMPTD-2070,FMPTD-2070
FMPTD-2071,FMPTD-2071
FMPTD-2072,FMPTD-2072
FMPTD-2073,FMPTD-2073
FMPTD-2074,FMPTD-2074
FMPTD-2075,FMPTD-2075
FMPTD-2077,FMPTD-2077
FMPTD-2078,FMPTD-2078
FMPTD-2079,FMPTD-2079
FMPTD-2080,FMPTD-2080
FMPTD-2081,FMPTD-2081
FMPTD-2083,FMPTD-2083
FMPTD-2085,FMPTD-2085
FMPTD-2086,FMPTD-2086
FMPTD-2088,FMPTD-2088
FMPTD-2089,FMPTD-2089
FMPTD-2090,FMPTD-2090
FMPTD-2091,FMPTD-2091
FMPTD-2092,FMPTD-2092
FMPTD-2094,FMPTD-2094
FMPTD-2095,FMPTD-2095
FMPTD-2096,FMPTD-2096
FMPTD-2097,FMPTD-2097
FMPTD-2098,FMPTD-2098
FMPTD-2100,FMPTD-2100
FMPTD-2101,FMPTD-2101
FMPTD-2103,FMPTD-2103
FMPTD-2105,FMPTD-2105
FMPTD-2106,FMPTD-2106
FMPTD-2107,FMPTD-2107
FMPTD-2108,FMPTD-2108
FMPTD-2109,FMPTD-2109
FMPTD-2111,FMPTD-2111
FMPTD-2112,FMPTD-2112
FMPTD-2113,FMPTD-2113
FMPTD-2114,FMPTD-2114
FMPTD-2115,FMPTD-2115
FMPTD-2116,FMPTD-2116
FMPTD-2117,FMPTD-2117
FMPTD-2118,FMPTD-2118
FMPTD-2119,FMPTD-2119
FMPTD-2120,FMPTD-2120
FMPTD-2121,FMPTD-2121
FMPTD-2122,FMPTD-2122
FMPTD-2123,FMPTD-2123
FMPTD-2124,FMPTD-2124
FMPTD-2125,FMPTD-2125
FMPTD-2126,FMPTD-2126
FMPTD-2127,FMPTD-2127
FMPTD-2128,FMPTD-2128
FMPTD-2129,FMPTD-2129
FMPTD-2130,FMPTD-2130
FMPTD-2131,FMPTD-2131
FMPTD-2132,FMPTD-2132
FMPTD-2133,FMPTD-2133
FMPTD-2134,FMPTD-2134
FMPTD-2135,FMPTD-2135
FMPTD-2136,FMPTD-2136
FMPTD-2137,FMPTD-2137
FMPTD-2138,FMPTD-2138
FMPTD-2141,FMPTD-2141
FMPTD-2142,FMPTD-2142
FMPTD-2143,FMPTD-2143
FMPTD-2144,FMPTD-2144
FMPTD-2145,FMPTD-2145
FMPTD-2146,FMPTD-2146
FMPTD-2147,FMPTD-2147
FMPTD-2148,FMPTD-2148
FMPTD-2149,FMPTD-2149
FMPTD-2150,FMPTD-2150
FMPTD-2151,FMPTD-2151
FMPTD-2152,FMPTD-2152
FMPTD-2153,FMPTD-2153
FMPTD-2154,FMPTD-2154
FMPTD-2155,FMPTD-2155
FMPTD-2159,FMPTD-2159
FMPTD-9000,FMPTD-9000
FMURO-0005,FMURO-0005
FMURO-0006,FMURO-0006
FMURO-0007,FMURO-0007
FMURO-0054,FMURO-0054
FMURO-0055,FMURO-0055
FMURO-0056,FMURO-0056
FMURO-0058,FMURO-0058
FMURO-0062,FMURO-0062
FMURO-0069,FMURO-0069
FMURO-0074,FMURO-0074
FMURO-0076,FMURO-0076
FMURO-0101,FMURO-0101
FMURO-0113,FMURO-0113
FMURO-0114,FMURO-0114
FMURO-0115,FMURO-0115
FMURO-0116,FMURO-0116
FMURO-0121,FMURO-0121
FMURO-0123,FMURO-0123
FMURO-0125,FMURO-0125
FMURO-0129,FMURO-0129
FMURO-0133,FMURO-0133
FMURO-0134,FMURO-0134
FMURO-0135,FMURO-0135
FMURO-0136,FMURO-0136
FMURO-0138,FMURO-0138
FMURO-0141,FMURO-0141
FMURO-0142,FMURO-0142
FMURO-0143,FMURO-0143
FMURO-0144,FMURO-0144
FMURO-0145,FMURO-0145
FMURO-0146,FMURO-0146
FMURO-0147,FMURO-0147
FMURO-0148,FMURO-0148
FMURO-0151,FMURO-0151
FMURO-0152,FMURO-0152
FMURO-0153,FMURO-0153
FMURO-0154,FMURO-0154
FMURO-0156,FMURO-0156
FMURO-0188,FMURO-0188
FNORT-0661,FNORT-0661
HCNUR-0001,HCNUR-0001
MTDER-0001,MTDER-0001
MTDER-0002,MTDER-0002
MTDER-0003,MTDER-0003
MTDER-0004,MTDER-0004
MTDER-0005,MTDER-0005
MTDER-0013,MTDER-0013
MTDER-0016,MTDER-0016
MTDER-0028,MTDER-0028
MTDER-0029,MTDER-0029
MTDER-0030,MTDER-0030
MTDER-0031,MTDER-0031
MTDER-0032,MTDER-0032
MTDER-0033,MTDER-0033
MTDER-0035,MTDER-0035
MTDER-0037,MTDER-0037
MTDER-0039,MTDER-0039
MTONC-0001,MTONC-0001
MTONC-0003,MTONC-0003
MTOPT-0002,MTOPT-0002
MTOPT-0003,MTOPT-0003
MTOPT-0005,MTOPT-0005
MTOPT-0007,MTOPT-0007
MTOPT-0029,MTOPT-0029
MTOPT-0032,MTOPT-0032
MTOPT-0034,MTOPT-0034
MTOPT-0037,MTOPT-0037
MTOPT-0038,MTOPT-0038
MTORT-0158,MTORT-0158
MTPSD-0001,MTPSD-0001
MTPSD-0002,MTPSD-0002
MTPSD-0003,MTPSD-0003
MTPSD-0004,MTPSD-0004
MTPSD-0005,MTPSD-0005
MTPSD-0006,MTPSD-0006
MTPSD-0007,MTPSD-0007
MTPSD-0009,MTPSD-0009
MTPSD-0010,MTPSD-0010
MTPSD-0011,MTPSD-0011
MTPSD-0012,MTPSD-0012
MTPSD-0013,MTPSD-0013
MTPSD-0014,MTPSD-0014
MTPSD-0015,MTPSD-0015
MTPSD-0016,MTPSD-0016
MTPSD-0017,MTPSD-0017
MTPSD-0018,MTPSD-0018
MTPSD-0019,MTPSD-0019
MTPSD-0020,MTPSD-0020
MTPSD-0021,MTPSD-0021
MTPSD-0022,MTPSD-0022
MTPSD-0023,MTPSD-0023
MTPSD-0024,MTPSD-0024
MTPSD-0025,MTPSD-0025
MTPSD-0026,MTPSD-0026
MTPSD-0027,MTPSD-0027
MTPSD-0028,MTPSD-0028
MTPSD-0029,MTPSD-0029
MTPSD-0031,MTPSD-0031
MTPSD-0032,MTPSD-0032
MTPSD-0033,MTPSD-0033
MTPSD-0034,MTPSD-0034
MTPSD-0035,MTPSD-0035
MTPSD-0036,MTPSD-0036
MTPSD-0037,MTPSD-0037
MTPSD-0038,MTPSD-0038
MTPSD-0039,MTPSD-0039
MTPSD-0040,MTPSD-0040
MTPSD-0041,MTPSD-0041
MTPSD-0042,MTPSD-0042
MTPSD-0043,MTPSD-0043
MTPSD-0044,MTPSD-0044
MTPSD-0045,MTPSD-0045
MTPSD-0046,MTPSD-0046
MTPSD-0047,MTPSD-0047
MTPSD-0049,MTPSD-0049
MTPSD-0051,MTPSD-0051
MTPSD-0052,MTPSD-0052
MTPSD-0053,MTPSD-0053
MTPSD-0054,MTPSD-0054
MTPSD-0055,MTPSD-0055
MTPSD-0056,MTPSD-0056
MTPSD-0057,MTPSD-0057
MTPSD-0058,MTPSD-0058
MTPSD-0059,MTPSD-0059
MTPSD-0060,MTPSD-0060
MTPSD-0061,MTPSD-0061
MTPSY-0003,MTPSY-0003
MTURO-0019,MTURO-0019
NBD-ROOM,NBD-ROOM
NEU-0005,NEU-0005
NEU-0029,NEU-0029
OBG-0008,OBG-0008
OBG-0014,OBG-0014
OBG-0036,OBG-0036
OBG-0044,OBG-0044
ORT-0001,ORT-0001
ORT-0002,ORT-0002
ORT-0005,ORT-0005
ORT-0007,ORT-0007
ORT-0008,ORT-0008
ORT-0009,ORT-0009
ORT-0010,ORT-0010
ORT-0011,ORT-0011
ORT-0014,ORT-0014
ORT-0015,ORT-0015
ORT-0016,ORT-0016
ORT-0017,ORT-0017
ORT-0018,ORT-0018
ORT-0019,ORT-0019
ORT-0020,ORT-0020
ORT-0021,ORT-0021
ORT-0022,ORT-0022
ORT-0024,ORT-0024
ORT-0025,ORT-0025
ORT-0026,ORT-0026
ORT-0027,ORT-0027
ORT-0028,ORT-0028
ORT-0029,ORT-0029
ORT-0030,ORT-0030
ORT-0031,ORT-0031
ORT-0032,ORT-0032
ORT-0034,ORT-0034
ORT-0035,ORT-0035
ORT-0036,ORT-0036
ORT-0038,ORT-0038
ORT-0039,ORT-0039
ORT-0040,ORT-0040
ORT-0041,ORT-0041
ORT-0042,ORT-0042
ORT-0044,ORT-0044
ORT-0045,ORT-0045
ORT-0046,ORT-0046
ORT-0047,ORT-0047
ORT-0048,ORT-0048
ORT-0049,ORT-0049
ORT-0050,ORT-0050
ORT-0051,ORT-0051
ORT-0052,ORT-0052
ORT-0054,ORT-0054
ORT-0055,ORT-0055
ORT-0056,ORT-0056
ORT-0057,ORT-0057
ORT-0058,ORT-0058
ORT-0059,ORT-0059
ORT-0060,ORT-0060
ORT-0061,ORT-0061
ORT-0062,ORT-0062
ORT-0063,ORT-0063
ORT-0064,ORT-0064
ORT-0065,ORT-0065
ORT-0066,ORT-0066
ORT-0068,ORT-0068
ORT-0069,ORT-0069
ORT-0070,ORT-0070
ORT-0071,ORT-0071
ORT-0072,ORT-0072
ORT-0073,ORT-0073
ORT-0074,ORT-0074
ORT-0075,ORT-0075
ORT-0076,ORT-0076
ORT-0077,ORT-0077
ORT-0078,ORT-0078
ORT-0079,ORT-0079
ORT-0080,ORT-0080
SUR-0031,SUR-0031
URO-0007,URO-0007
URO-0033,URO-0033
URO-0034,URO-0034
VAS-0001,VAS-0001
VAS-0015,VAS-0015
VAS-0019,VAS-0019
FMLAB-1022,FMLAB-1023
